TAT,Total_Throughput,CPU_Util (%),Avg_Proc_in_RQ
0.1519271045580354,10.077342101316752,6.03838339794579,2503.779599075825
