TAT,Total_Throughput,CPU_Util (%),Avg_Proc_in_RQ
0.06718956243425098,15.701120024749617,6.594578300832469,23.91345868652415
