TAT,Total_Throughput,CPU_Util (%),Avg_Proc_in_RQ
7.173376672985238,17.57797349858614,99.92113669684383,200.2017758146754
