TAT,Total_Throughput,CPU_Util (%),Avg_Proc_in_RQ
0.06383103842556648,16.68721095854262,5.9759895753167775,2528.2829995004713
