Avg_TAT,Avg_Throughput,CPU_Util,Avg_Proc_in_RQ
0.09723844128088517,10.090650895107062,0.5975712847683533,0.8873408553217949
