Avg_TAT,Avg_Throughput,CPU_Util,Avg_Proc_in_RQ
0.1459891549101287,10.14837758209299,0.5958335189896192,0.8783944216849454
