Avg_TAT,Avg_Throughput,CPU_Util,Avg_Proc_in_RQ
0.1489051339841151,9.935664619670423,0.5947202040672027,0
