Process ID,Burst Time,Arrival Time,Time of First Service,Completion Time,Waiting Time
1,0.7719270502198086,0.5114783618186458,0.5114783618186458,1.2834054120384544,0
2,3.369547797600723,0.5422036347926907,1.2834054120384544,18.86559010449995,6.755875129391348
3,8.350166257324112,1.4078860758621896,4.367812681623835,38.11021151398508,12.887972053316975
4,1.7625491263249031,2.276703494800788,8.317902392278716,21.90484272562564,5.125422926992071
5,0.7558751293913478,3.1954715797734927,14.002491962941694,17.953838672106535,3
