Process ID,Burst Time,Arrival Time,Time of First Service,Completion Time,Waiting Time
1,0.010939468796038167,0.01861921718746813,0.01861921718746813,0.0295586859835063,0.008410545523611923
2,0.03229487877802733,0.027029762711080055,0.0295586859835063,0.06185356476153363,0.015117745401203468
3,0.04502325583674634,0.036265885861097844,0.06185356476153363,0.10687682059827996,0.006707199877591545
4,0.00820964302275322,0.10963530900255496,0.10963530900255496,0.11784495202530818,0.006707199877591545
5,0.13279581184329844,0.42777644143430416,0.42777644143430416,0.5605722532776026,0
