Process ID,Burst Time,Arrival Time,Time of First Service,Completion Time,Waiting Time
1,2.7402072905924877,0.7692772528747921,0.7692772528747921,6.402458336043821,2.2421933178471125
2,0.24219331784711268,1.112225968979845,3.538554505749584,4.892973792576542,1
3,0.050582834752831096,1.140215057742639,6.402458336043821,7.593256228539291,0.9824006084396004
4,2.4152848787485626,2.5330311538208345,7.593256228539291,21.465469076201718,3.7491205552078304
5,0.9583304298625116,2.899504077588848,11.126287382360125,14.984121889811485,1.0505828347528312
