Process ID,Burst Time,Arrival Time,Time of First Service,Completion Time,Waiting Time
1,0.5986619507722923,0.046785726278818975,0.046785726278818975,0.6454476770511113,0
2,1.0637521718965395,1.40202520831795,1.6317994956984638,2.6955516675950033,0
3,0.026590913711504578,1.6052085819869593,1.6052085819869593,1.6317994956984638,0.0
4,0.7188139823837633,1.8747487626143142,2.6955516675950033,3.4143656499787665,0
5,0.5424612986855601,3.0859131620841627,3.4143656499787665,3.9568269486643266,0
