Process ID,Burst Time,Arrival Time,Time of First Service,Completion Time,Waiting Time
1,0.25311691035391065,0.15222128154100353,0.15222128154100353,0.40533819189491416,0
2,0.7485303422076864,0.935105830629558,5.02158343043737,5.770113772645057,0.0
3,0.6573671636754012,3.9701270683238654,3.9701270683238654,4.6274942319992665,0.0
4,0.35220565222310446,4.04041499738708,4.669377778214265,5.02158343043737,0.0
5,0.04188354621499902,4.427212521650364,4.6274942319992665,4.669377778214265,0
