Process ID,Burst Time,Arrival Time,Time of First Service,Completion Time,Waiting Time
1,1.6577955450856365,0.2623741495430069,0.2623741495430069,2.358589788579003,0.4384200939503593
2,0.4384200939503593,0.6159262347166576,0.6159262347166576,1.054346328667017,0
3,1.0580890123977322,1.9331166995854572,2.451212343657901,3.5093013560556336,0
4,0.0926225550788983,2.0268921515487337,2.358589788579003,2.451212343657901,0
5,1.111825573229358,2.043313395563492,3.5093013560556336,4.6211269292849915,0
