Process ID,Burst Time,Arrival Time,Time of First Service,Completion Time,Waiting Time
1,0.21380775798638055,1.5264846359211808,0.0,1.7402923939075614,0
2,0.669021326973331,1.6676885230819805,1.7402923939075614,4.077002243962873,0
3,1.452111535024708,1.9542261196280983,4.077002243962873,9.437566018243777,1
4,0.9000672649768336,2.473109701154795,9.437566018243777,12.810742984375405,0.452111535024708
5,1.5046861872340767,4.880961306666122,12.810742984375405,24.077351784941726,1.9000672649768338
