Process ID,Burst Time,Arrival Time,Time of First Service,Completion Time,Waiting Time
1,0.0031425441261707585,0.7546138333647844,0.7546138333647844,0.7577563774909551,0.0
2,0.04249871655917857,2.213674295735758,2.213674295735758,2.256173012294936,0.0
3,0.03945032417207135,3.738128707211441,3.738128707211441,3.7775790313835125,0.0
4,0.024541330349824777,5.649958976956508,5.649958976956508,5.674500307306333,0.0
5,0.026529746795768902,6.2288690514185445,6.2288690514185445,6.255398798214314,0.0
