Process ID,Burst Time,Arrival Time,Time of First Service,Completion Time,Waiting Time
1,0.00037461955473856896,0.0264344904326218,0.0264344904326218,0.02680910998736037,0.0
2,0.06837082521840697,0.04548779495450771,0.04548779495450771,0.11385862017291468,0.0
3,0.17899460363689187,0.17087882892279632,0.17087882892279632,0.34987343255968817,0.0
4,0.0061109533256042785,0.6399056918779207,0.6399056918779207,0.646016645203525,0.0
5,0.11415940229968484,0.6603006192525477,0.6603006192525477,0.7744600215522325,0.0
