Process ID,Burst Time,Arrival Time,Time of First Service,Completion Time,Waiting Time
1,0.0971786027066582,0.11845223249407805,0.11845223249407805,0.21563083520073623,0.0
2,0.03230074112659499,0.1793139131414794,0.21563083520073623,0.2479315763273312,0.03631692205925682
3,0.008172797583337449,0.27282060417344073,0.27282060417344073,0.28099340175677817,0.0
4,0.026575490453413904,0.3435862791411713,0.3435862791411713,0.3701617695945852,0.0
5,0.01967455164150048,0.4231343376560607,0.4231343376560607,0.4428088892975612,0.0
