Process ID,Burst Time,Arrival Time,Time of First Service,Completion Time,Waiting Time
1,0.10689819535390553,0.08877815537171128,0.08877815537171128,0.19567635072561682,0.0
2,0.11012242846252329,0.14485771460008226,0.19567635072561682,0.30579877918814014,0.050818636125534555
3,0.031388705708549215,0.16317587833478453,0.30579877918814014,0.33718748489668937,0.1426229008533556
4,0.05330331110543983,0.21772681784989978,0.33718748489668937,0.3904907960021292,0.11946066704678959
5,0.017321787523129174,0.2441657365621887,0.3904907960021292,0.4078125835252584,0.1463250594399405
