Process ID,Burst Time,Arrival Time,Time of First Service,Completion Time,Waiting Time
1,0.09375034379778303,0.01636450857394046,0.01636450857394046,0.1101148523717235,0.0
2,0.012671705807493293,0.07420723946985676,0.1101148523717235,0.1227865581792168,0.03590761290186674
3,0.04041259556056475,0.09107346084846743,0.1227865581792168,0.16319915373978156,0.03171309733074937
4,0.04211974780120852,0.11084994195036256,0.16319915373978156,0.20531890154099008,0.052349211789418995
5,0.068086679962079,0.2409589500987695,0.2409589500987695,0.3090456300608485,0.0
