Process ID,Burst Time,Arrival Time,Time of First Service,Completion Time,Waiting Time
1,0.005893144710299768,0.17093073466013758,0.17093073466013758,0.17682387937043736,0.0
2,0.08899156118083475,0.17553720440345283,0.17682387937043736,0.2658154405512721,0.0012866749669845357
3,0.1851670938286563,0.34054165436324313,0.34054165436324313,0.5257087481918994,0.0
4,0.05913992625184486,0.39527199535373014,0.5257087481918994,0.5848486744437442,0.13043675283816925
5,0.044575792945104824,0.4123114103057271,0.5848486744437442,0.629424467388849,0.17253726413801712
