Process ID,Burst Time,Arrival Time,Time of First Service,Completion Time,Waiting Time
1,0.013953596195551239,0.00018664650090872504,0.00018664650090872504,0.014140242696459963,0.0
2,0.03278247515624152,0.21839232578713946,0.21839232578713946,0.25117480094338096,0.0
3,0.06224804100536233,0.3007895150136223,0.3007895150136223,0.36303755601898463,0.0
4,0.031169538575824593,0.33516278711895253,0.36303755601898463,0.39420709459480924,0.0278747689000321
5,0.027122356851904426,0.5360100317602534,0.5360100317602534,0.5631323886121579,0.0
