Process ID,Burst Time,Arrival Time,Time of First Service,Completion Time,Waiting Time
1,0.14027443923466287,0.0004953258998246753,0.0004953258998246753,0.14076976513448755,0.0
2,0.05496980176693643,0.04900191655301588,0.14076976513448755,0.19573956690142397,0.09176784858147166
3,0.1104617543828077,0.10318721870554767,0.19573956690142397,0.30620132128423166,0.0925523481958763
4,0.04013882782689849,0.1630133534263189,0.30620132128423166,0.34634014911113015,0.14318796785791277
5,0.0019956990762749955,0.24071462219000261,0.34634014911113015,0.34833584818740515,0.10562552692112753
