Process ID,Burst Time,Arrival Time,Time of First Service,Completion Time,Waiting Time
1,0.008820719300863077,0.06761263629912502,0.06761263629912502,0.0764333555999881,0.0
2,0.02041725732932596,0.11370072247664115,0.11370072247664115,0.1341179798059671,0.0
3,0.13987353925783957,0.16362126523272894,0.16362126523272894,0.30349480449056854,0.0
4,0.033307892270847225,0.18068568570061358,0.30349480449056854,0.3368026967614158,0.12280911878995496
5,0.060072671848911116,0.2833329283509172,0.3368026967614158,0.3968753686103269,0.05346976841049855
