Process ID,Burst Time,Arrival Time,Time of First Service,Completion Time,Waiting Time
1,0.005884752375737507,0.1244946519683323,0.1244946519683323,0.1303794043440698,0.0
2,0.0061263779720126645,0.16565927782758033,0.16565927782758033,0.17178565579959298,0.0
3,0.10140129967634309,0.17492709112258398,0.17492709112258398,0.27632839079892707,0.0
4,0.2236493462146741,0.21939068057463065,0.27632839079892707,0.49997773701360115,0.05693771022429642
5,0.024414407872573596,0.2614881661653715,0.49997773701360115,0.5243921448861748,0.23848957084822964
