Process ID,Burst Time,Arrival Time,Time of First Service,Completion Time,Waiting Time
1,0.045237981261273305,0.8286989833970828,0.8286989833970828,0.8739369646583561,0.0
2,0.003149606882415355,2.068427090798208,2.068427090798208,2.0715766976806234,0.0
3,0.04962847666709138,3.0318915621446236,3.0318915621446236,3.081520038811715,0.0
4,0.16395447874864166,4.622947258627758,4.622947258627758,4.7869017373764,0.0
5,0.022723243302937266,5.1441768232310245,5.1441768232310245,5.1669000665339615,0.0
