Process ID,Burst Time,Arrival Time,Time of First Service,Completion Time,Waiting Time
1,0.01796448073409936,0.03359941799741459,0.03359941799741459,0.051563898731513944,0.0
2,0.035968718688569115,0.12399721657419559,0.12399721657419559,0.1599659352627647,0.0
3,0.0005903617009134123,0.15451792370067322,0.1599659352627647,0.16055629696367812,0.005448011562091487
4,0.04353136404064771,0.16700500674085783,0.16700500674085783,0.21053637078150556,0.0
5,0.01193430304482351,0.202850201767435,0.21053637078150556,0.22247067382632907,0.007686169014070543
