Process ID,Burst Time,Arrival Time,Time of First Service,Completion Time,Waiting Time
1,0.007633732186379531,0.028570332757265653,0.028570332757265653,0.036204064943645184,0.0
2,0.03955410005416902,0.06170540099061231,0.06170540099061231,0.10125950104478132,0.0
3,0.0129718902019155,0.14817072001179427,0.14817072001179427,0.16114261021370976,0.0
4,0.11505528903870639,0.15216070805340953,0.16114261021370976,0.27619789925241617,0.008981902160300231
5,0.09525401911731583,0.16211175137889466,0.27619789925241617,0.371451918369732,0.1140861478735215
