Process ID,Burst Time,Arrival Time,Time of First Service,Completion Time,Waiting Time
1,0.06274021084221705,0.10592138360797917,0.10592138360797917,0.16866159445019624,0.0
2,0.07919339150765188,0.17513987342838944,0.17513987342838944,0.2543332649360413,0.0
3,0.2256129381560027,0.20636008646974222,0.2543332649360413,0.479946203092044,0.04797317846629909
4,0.013220356468873803,0.36188437740151425,0.479946203092044,0.4931665595609178,0.11806182569052975
5,0.023240673978110853,0.40146068885223596,0.4931665595609178,0.5164072335390286,0.09170587070868186
