Process ID,Burst Time,Arrival Time,Time of First Service,Completion Time,Waiting Time
1,0.07735354922215526,0.1160011483186914,0.1160011483186914,0.19335469754084667,0.0
2,0.12459764968016446,0.11825667592477312,0.19335469754084667,0.3179523472210111,0.07509802161607354
3,0.034502329859734,0.12900065029627097,0.3179523472210111,0.3524546770807451,0.18895169692474015
4,0.017288927894302576,0.20321783234630136,0.3524546770807451,0.3697436049750477,0.14923684473444376
5,0.031106953644057533,0.22725217546708543,0.3697436049750477,0.40085055861910524,0.1424914295079623
