Process ID,Burst Time,Arrival Time,Time of First Service,Completion Time,Waiting Time
1,0.019724034808120468,0.3232601245082853,0.3232601245082853,0.34298415931640575,0.0
2,0.04557652054308205,0.3258167059025876,0.34298415931640575,0.3885606798594878,0.017167453413818146
3,0.14405008102363168,0.33933907122132195,0.3885606798594878,0.5326107608831194,0.049221608638165826
4,0.07964674429611743,0.3556066874837816,0.5326107608831194,0.6122575051792368,0.17700407339933782
5,0.11707665198367362,0.4335643320430583,0.6122575051792368,0.7293341571629104,0.17869317313617855
