Process ID,Burst Time,Arrival Time,Time of First Service,Completion Time,Waiting Time
1,0.06525899715094742,0.008781390874377676,0.008781390874377676,0.0740403880253251,0.0
2,0.03566434100942919,0.11062292440592544,0.11062292440592544,0.14628726541535464,0.0
3,0.012442208424727753,0.39289430278065474,0.39289430278065474,0.4053365112053825,0.0
4,0.20667221758749735,0.41649423826438203,0.41649423826438203,0.6231664558518794,0.0
5,0.02250588316020452,0.4295983384102447,0.6231664558518794,0.6456723390120839,0.19356811744163466
