Process ID,Burst Time,Arrival Time,Time of First Service,Completion Time,Waiting Time
1,0.04316495834875644,0.08854919128683293,0.08854919128683293,0.13171414963558936,0.0
2,0.012939835556818467,0.09375208541740254,0.13171414963558936,0.14465398519240782,0.03796206421818682
3,0.10962390652387044,0.22665764369466132,0.22665764369466132,0.3362815502185318,0.0
4,0.015482930135604157,0.3085830144905441,0.3362815502185318,0.35176448035413593,0.027698535727987694
5,0.07447586878928067,0.3463330256702443,0.35176448035413593,0.4262403491434166,0.005431454683891612
