Process ID,Burst Time,Arrival Time,Time of First Service,Completion Time,Waiting Time
1,0.16672257343522084,0.007491661472870499,0.007491661472870499,0.17421423490809135,0.0
2,0.03552272333555252,0.06227018884133574,0.17421423490809135,0.20973695824364386,0.1119440460667556
3,0.08341210657375085,0.0906053411530934,0.20973695824364386,0.2931490648173947,0.11913161709055045
4,0.01624160661322064,0.12730488522890884,0.2931490648173947,0.3093906714306154,0.16584417958848588
5,0.2706858863147552,0.20063137786604215,0.3093906714306154,0.5800765577453706,0.10875929356457323
