Process ID,Burst Time,Arrival Time,Time of First Service,Completion Time,Waiting Time
1,0.14977830498497094,0.001232909494859033,0.001232909494859033,0.15101121447982996,0.0
2,0.06592656153210462,0.051881944677559126,0.15101121447982996,0.21693777601193456,0.09912926980227083
3,0.1074692463098151,0.05546771689954557,0.21693777601193456,0.32440702232174967,0.161470059112389
4,0.032111977722044355,0.09302117698703184,0.32440702232174967,0.356519000043794,0.23138584533471784
5,0.10372504819969118,0.10116065004971911,0.356519000043794,0.4602440482434852,0.2553583499940749
