Process ID,Burst Time,Arrival Time,Time of First Service,Completion Time,Waiting Time
1,0.01070812799310506,0.5172114154805719,0.5172114154805719,0.527919543473677,0.0
2,0.10391817286124043,0.6195399489775659,0.6195399489775659,0.7234581218388063,0.0
3,0.05263252286409735,0.6765868153656475,0.7234581218388063,0.7760906447029037,0.04687130647315885
4,0.10896932965018416,0.9584089633033488,0.9584089633033488,1.067378292953533,0.0
5,0.21858844522541737,1.2213212350235534,1.2213212350235534,1.4399096802489708,0.0
