Process ID,Burst Time,Arrival Time,Time of First Service,Completion Time,Waiting Time
1,0.053869823642024,0.05939038706587474,0.05939038706587474,0.11326021070789874,0.0
2,0.07271789433664111,0.07400113107070018,0.11326021070789874,0.18597810504453985,0.03925907963719856
3,0.01932275560037717,0.1974013182803969,0.1974013182803969,0.21672407388077405,0.0
4,0.009112951547775196,0.2482790836685245,0.2482790836685245,0.2573920352162997,0.0
5,0.015141851227943209,0.30436836601398437,0.30436836601398437,0.3195102172419276,0.0
