Process ID,Burst Time,Arrival Time,Time of First Service,Completion Time,Waiting Time
1,0.07581021910847642,0.08018880006146795,0.08018880006146795,0.15599901916994435,0.0
2,0.008064293183209656,0.37760299802108205,0.37760299802108205,0.3856672912042917,0.0
3,0.06405369368718565,0.42418782371667396,0.42418782371667396,0.4882415174038596,0.0
4,0.1844827733667528,0.5313169037916876,0.5313169037916876,0.7157996771584404,0.0
5,0.11180133893041772,0.5760537148439322,0.7157996771584404,0.827601016088858,0.1397459623145082
