Process ID,Burst Time,Arrival Time,Time of First Service,Completion Time,Waiting Time
1,0.06506345970666884,0.06808364840654509,0.06808364840654509,0.13314710811321392,0.0
2,0.09903673638292247,0.5492060470216777,0.5492060470216777,0.6482427834046002,0.0
3,0.037514872651989946,0.7190872614636608,0.7190872614636608,0.7566021341156507,0.0
4,0.0013876168239109299,0.7292727365164112,0.7566021341156507,0.7579897509395617,0.02732939759923947
5,0.06663381732095469,0.8960315441236382,0.8960315441236382,0.9626653614445928,0.0
