Process ID,Burst Time,Arrival Time,Time of First Service,Completion Time,Waiting Time
1,0.04919034239073306,0.07884418401242267,0.07884418401242267,0.12803452640315574,0.0
2,0.01687469515360012,0.1868810239740748,0.1868810239740748,0.20375571912767493,0.0
3,0.0582305693769852,0.22013855247438913,0.22013855247438913,0.2783691218513743,0.0
4,0.0409120272819483,0.3718468744271096,0.3718468744271096,0.41275890170905793,0.0
5,0.09595270648135827,0.38865490708464273,0.41275890170905793,0.5087116081904162,0.024103994624415204
