Process ID,Burst Time,Arrival Time,Time of First Service,Completion Time,Waiting Time
1,0.03876035978708364,0.01475487235342302,0.01475487235342302,0.053515232140506665,0.0
2,0.0036312160280876776,0.22049469983682315,0.22049469983682315,0.22412591586491082,0.0
3,0.06291231903847712,0.30824401215819,0.30824401215819,0.3711563311966671,0.0
4,0.050141558233202266,0.3215874400192832,0.3711563311966671,0.42129788942986934,0.04956889117738389
5,0.017738843790633278,0.34160635934679895,0.42129788942986934,0.43903673322050263,0.0796915300830704
