Process ID,Burst Time,Arrival Time,Time of First Service,Completion Time,Waiting Time
1,0.1414489291567812,0.16591742313813151,0.16591742313813151,0.3073663522949127,0.0
2,0.04133100962968434,0.4990631123759338,0.4990631123759338,0.5403941220056182,0.0
3,0.11041382477946268,0.7985062647793949,0.7985062647793949,0.9089200895588576,0.0
4,0.04795068326037795,0.8190698539966567,0.9089200895588576,0.9568707728192356,0.08985023556220095
5,0.06259336433386074,0.9242118534767516,0.9568707728192356,1.0194641371530964,0.032658919342483994
