Process ID,Burst Time,Arrival Time,Time of First Service,Completion Time,Waiting Time
1,0.010280493597511002,0.21169843434196342,0.21169843434196342,0.22197892793947444,0.0
2,0.0430716496185535,0.34925814491090756,0.34925814491090756,0.39232979452946104,0.0
3,0.015078418143031536,0.3659701478088811,0.39232979452946104,0.40740821267249255,0.026359646720579943
4,0.16213925301742063,0.3806430196125522,0.40740821267249255,0.5695474656899132,0.02676519305994035
5,0.0850316973746548,0.8794863552295883,0.8794863552295883,0.9645180526042431,0.0
