Process ID,Burst Time,Arrival Time,Time of First Service,Completion Time,Waiting Time
1,0.06738369099050816,2.379854217672309,2.379854217672309,2.4472379086628173,0
2,0.04062058288792938,2.7869880845981,3.829373590727011,3.8699941736149404,0.0
3,0.013778677559411952,3.815594913167599,3.815594913167599,3.829373590727011,0.0
4,0.03190732632215112,4.14552238666666,4.14552238666666,4.177429712988811,0.0
5,0.10277479508873467,6.420229487068887,6.420229487068887,6.523004282157622,0
