Process ID,Burst Time,Arrival Time,Time of First Service,Completion Time,Waiting Time
1,0.008157002706842175,0.017596610996098085,0.017596610996098085,0.02575361370294026,0
2,0.023182884161217148,0.22051069975545448,0.22051069975545448,0.24369358391667162,0
3,0.07194070304760619,0.5035569009627764,0.5969207745456119,0.668861477593218,0
4,0.003173218148529449,0.5937475563970824,0.5937475563970824,0.5969207745456119,0
5,0.07849640539858531,0.6113084549342173,0.668861477593218,0.7473578829918033,0
