Process ID,Burst Time,Arrival Time,Time of First Service,Completion Time,Waiting Time
1,0.048879911098109415,0.2319376104056623,0.2319376104056623,0.2808175215037717,0
2,0.020132981735378308,0.4201914306891233,0.5893392614398721,0.6094722431752504,0.0
3,0.01092976257880337,0.5784094988610687,0.5784094988610687,0.5893392614398721,0.0
4,0.14239967385670563,0.5848906596154482,0.6465884148603003,0.7889880887170059,0.0
5,0.03711617168504989,0.6025733631040223,0.6094722431752504,0.6465884148603003,0
