Process ID,Burst Time,Arrival Time,Time of First Service,Completion Time,Waiting Time
1,0.02280031393264482,0.07268736549411543,0.07268736549411543,0.09548767942676026,0
2,0.00025310580068105656,0.28149869455494986,0.28149869455494986,0.2817518003556309,0
3,0.0018754807902622921,0.4524424464047134,0.4524424464047134,0.4543179271949757,0
4,0.1301055482620238,0.4553032240780402,0.6350256729195507,0.7651312211815745,0
5,0.07988691381787488,0.5551387591016758,0.5551387591016758,0.6350256729195507,0
