Process ID,Burst Time,Arrival Time,Time of First Service,Completion Time,Waiting Time
1,0.024480187434688806,0.08323034062913072,0.08323034062913072,0.10771052806381953,0
2,0.08787269419498621,0.20577662275741565,0.20577662275741565,0.2936493169524019,0.04476987101066865
3,0.09791543266293241,0.2505464937680843,0.2936493169524019,0.3915647496153343,0.04476987101066865
4,0.18518312049251634,0.3001641236861633,0.39247604464895697,0.5776591651414733,0.04476987101066865
5,0.0009112950336227052,0.3433358393426063,0.3915647496153343,0.39247604464895697,0
