Process ID,Burst Time,Arrival Time,Time of First Service,Completion Time,Waiting Time
1,0.15508904039251342,0.06894840729616727,0.06894840729616727,0.2873541576869888,0.1022628354306841
2,0.023460151586048913,0.11531804319142175,0.11531804319142175,0.13877819477747066,0.046369635895254474
3,0.0398565584122592,0.1946713943129003,0.1946713943129003,0.23452795272515947,0.05589319953542962
4,0.05497459381126566,0.20151044258831108,0.2873541576869888,0.3423287514982545,0.05589319953542962
5,0.009299679684834984,0.3450167579792687,0.3450167579792687,0.35431643766410365,0
