Process ID,Burst Time,Arrival Time,Time of First Service,Completion Time,Waiting Time
1,0.008722552291776018,0.004764892055776184,0.004764892055776184,0.013487444347552202,0
2,0.019431684237215887,0.01884846456195616,0.043186348785638345,0.06261803302285424,0.0
3,0.01716992563516169,0.026016423150476656,0.026016423150476656,0.043186348785638345,0.0
4,0.10764792241720335,0.1901216004752967,0.413152682607744,0.5208006050249474,0.0
5,0.10324912122246403,0.30990356138527997,0.30990356138527997,0.413152682607744,0
