Process ID,Burst Time,Arrival Time,Time of First Service,Completion Time,Waiting Time
1,0.10066751430973979,0.11277973542575637,0.11277973542575637,0.21344724973549617,0.06694733537758696
2,0.12840552093595894,0.17972707080334333,0.21344724973549617,0.34185277067145514,0.06694733537758696
3,0.010442071148532206,0.4896141004690657,0.5411585970868257,0.5516006682353579,0
4,0.0037185482387090043,0.5374400488481167,0.5374400488481167,0.5411585970868257,0
5,0.1121146638032982,0.5432273604759715,0.5516006682353579,0.6637153320386561,0
