Process ID,Burst Time,Arrival Time,Time of First Service,Completion Time,Waiting Time
1,0.02076247155417719,0.003315055510961837,0.003315055510961837,0.024077527065139027,0
2,0.018261318722779387,0.05527992625564698,0.05527992625564698,0.07354124497842637,0
3,0.027295360103854506,0.08653914504964999,0.08653914504964999,0.11383450515350449,0
4,0.1880298534478091,0.1807669013328813,0.24721793758064736,0.43524779102845645,0
5,0.05589154664398944,0.19132639093665793,0.19132639093665793,0.24721793758064736,0
