Process ID,Burst Time,Arrival Time,Time of First Service,Completion Time,Waiting Time
1,0.00912013331414444,0.02826184618679302,0.02826184618679302,0.03738197950093746,0
2,0.0053001643763923205,0.06732439587636029,0.06732439587636029,0.0726245602527526,0.002277284793002446
3,0.03517599648044545,0.06960168066936273,0.0726245602527526,0.10780055673319805,0.002277284793002446
4,0.051207004364460455,0.13286254820953644,0.13286254820953644,0.1840695525739969,0.002277284793002446
5,0.07587219410701986,0.14624892518142923,0.1840695525739969,0.25994174668101677,0
