Process ID,Burst Time,Arrival Time,Time of First Service,Completion Time,Waiting Time
1,0.2081657456350661,0.07801232950665395,0.07801232950665395,0.46356314456434394,0.08792347703609647
2,0.09340979865199826,0.1202948033842948,0.1202948033842948,0.24335473554822318,0.08792347703609647
3,0.02965013351193011,0.16593580654275042,0.16593580654275042,0.19558594005468052,0.04564100315845562
4,0.05432513725869554,0.20942334956872743,0.24335473554822318,0.2976798728069187,0
5,0.25085827094287144,0.30568598947653247,0.46356314456434394,0.7144214155072154,0
