Process ID,Burst Time,Arrival Time,Time of First Service,Completion Time,Waiting Time
1,0.028334561408434978,0.37794472271597,0.37794472271597,0.406279284124405,0
2,0.002362784386382079,0.43961200378246884,0.43961200378246884,0.44197478816885094,0
3,0.013765266340121105,0.786301023514514,0.786301023514514,0.8000662898546351,0
4,0.02815966924749122,2.501428142812069,2.501428142812069,2.5295878120595603,0
5,0.035081870093494276,3.365982951797714,3.365982951797714,3.401064821891208,0
