Process ID,Burst Time,Arrival Time,Time of First Service,Completion Time,Waiting Time
1,0.042806279718060294,0.010397196559432626,0.010397196559432626,0.05320347627749292,0.03415877987009826
2,0.07195011860890647,0.027239906320857304,0.06349458645483998,0.13544470506374645,0.03415877987009826
3,0.010291110177347063,0.04455597642953088,0.05320347627749292,0.06349458645483998,0.017316070108673576
4,0.0708638928565433,0.10220532033669436,0.13544470506374645,0.20630859792028977,0
5,0.21109645019036702,0.1285425750166113,0.20630859792028977,0.4174050481106568,0
