Process ID,Burst Time,Arrival Time,Time of First Service,Completion Time,Waiting Time
1,0.03778168867344155,0.06688857096490763,0.06688857096490763,0.1046702596383492,0
2,0.08623058915737157,0.10552157423004056,0.10552157423004056,0.19175216338741213,0.037435000801076604
3,0.09126590213073961,0.14295657503111717,0.21738754725371473,0.3086534493844543,0.037435000801076604
4,0.02563538386630259,0.15410673603793928,0.19175216338741213,0.21738754725371473,0.037435000801076604
5,0.25575066361610355,0.2662712372938677,0.3086534493844543,0.5644041130005579,0
