Process ID,Burst Time,Arrival Time,Time of First Service,Completion Time,Waiting Time
1,0.12476146999213082,0.040803957229369664,0.040803957229369664,0.16556542722150047,0.10723627195787194
2,0.08324125176430876,0.10476814851896178,0.16556542722150047,0.24880667898580922,0.10723627195787194
3,0.09407800315979109,0.1480402291872416,0.24880667898580922,0.3428846821456003,0.043272080668279825
4,0.12118508831907984,0.19104384847321942,0.3428846821456003,0.4640697704646801,0
5,0.1797676231481327,0.20740547947402183,0.4640697704646801,0.6438373936128128,0
