Process ID,Burst Time,Arrival Time,Time of First Service,Completion Time,Waiting Time
1,0.03918402704859176,0.0305229843289577,0.0305229843289577,0.06970701137754946,0
2,0.006084577631167502,0.1457778552733802,0.1457778552733802,0.1518624329045477,0
3,0.11749599180573293,0.1524102844208745,0.23946984192889906,0.356965833734632,0
4,0.04703277595682886,0.1924370659720702,0.1924370659720702,0.23946984192889906,0
5,0.09256341282904669,0.27131633742903033,0.356965833734632,0.44952924656367865,0
