Process ID,Burst Time,Arrival Time,Time of First Service,Completion Time,Waiting Time
1,0.03844422781423919,0.007580179266519903,0.007580179266519903,0.04602440708075909,0.017354879207290952
2,0.08868186918939326,0.024935058473810855,0.04602440708075909,0.18334013990221826,0.03191600032301309
3,0.04863386363206592,0.06058552819648123,0.06058552819648123,0.10921939182854715,0.014561121115722137
4,0.003933948586955554,0.1285064709294743,0.18334013990221826,0.18727408848917382,0.014561121115722137
5,0.04536427012666474,0.14303709164980302,0.18727408848917382,0.23263835861583856,0
