Process ID,Burst Time,Arrival Time,Time of First Service,Completion Time,Waiting Time
1,0.022221019353376344,0.05337719064037731,0.05337719064037731,0.07559820999375366,0.009095832658721666
2,0.09287144204203182,0.06247302329909898,0.07559820999375366,0.16846965203578548,0.02753189229112355
3,0.08423942111385231,0.09403426962615555,0.17703431563717756,0.2612737367510299,0.018436059632401885
4,0.008564663601392086,0.16018106517893516,0.16846965203578548,0.17703431563717756,0.018436059632401885
5,0.027807930634446528,0.18528887839218566,0.2612737367510299,0.2890816673854764,0
