Process ID,Burst Time,Arrival Time,Time of First Service,Completion Time,Waiting Time
1,0.03654441696058185,0.012525614333578248,0.012525614333578248,0.0490700312941601,0
2,0.047665404921476216,0.07601206411905424,0.17158508402579475,0.21925048894727098,0.0
3,0.026322528472546652,0.10755492027853575,0.10755492027853575,0.1338774487510824,0.0
4,0.03770763527471235,0.12533530127701215,0.1338774487510824,0.17158508402579475,0.0
5,0.06810275541268924,0.15614643267729297,0.21925048894727098,0.28735324435996024,0
