Process ID,Burst Time,Arrival Time,Time of First Service,Completion Time,Waiting Time
1,0.12218450031001661,0.017483476801554595,0.017483476801554595,0.1816201997456551,0.02791566995765986
2,0.026375759788831415,0.021761472617575887,0.021761472617575887,0.0481372324064073,0.02791566995765986
3,0.0155764628452525,0.045399146759214457,0.0481372324064073,0.06371369525165979,0.02363767414163857
4,0.025347291241197053,0.1121011832273567,0.1816201997456551,0.20696749098685216,0
5,0.027168345487053863,0.12666206545512995,0.20696749098685216,0.234135836473906,0
