Process ID,Burst Time,Arrival Time,Time of First Service,Completion Time,Waiting Time
1,0.010612954382387938,0.014560643615673318,0.014560643615673318,0.025173597998061258,0
2,0.018945607968544362,0.057561809979542515,0.057561809979542515,0.07650741794808688,0.01142147147251072
3,0.0345505622579876,0.06898328145205324,0.07650741794808688,0.11105798020607449,0.01142147147251072
4,0.036533877508305765,0.08423947481896067,0.11105798020607449,0.14759185771438027,0.01142147147251072
5,0.006444190793197639,0.12380692520652167,0.14759185771438027,0.1540360485075779,0
