Process ID,Burst Time,Arrival Time,Time of First Service,Completion Time,Waiting Time
1,0.048354566858360565,0.04332496151329643,0.04332496151329643,0.091679528371657,0
2,0.154436095148916,0.13456561832094022,0.13860152073087526,0.29303761587979127,0.0
3,0.0033232524798750287,0.13527826825100023,0.13527826825100023,0.13860152073087526,0.0
4,0.03569545486579758,0.24984037368888024,0.29303761587979127,0.32873307074558883,0.0
5,0.000867656262050163,0.29791775146413746,0.32873307074558883,0.329600727007639,0
