Process ID,Burst Time,Arrival Time,Time of First Service,Completion Time,Waiting Time
1,0.12357926886520489,0.003277671609257148,0.003277671609257148,0.12685694047446203,0
2,0.05230503798389809,0.5049011528134498,0.5049011528134498,0.5572061907973479,0
3,0.09408232202931358,0.8830909872543241,2.477972323590168,2.5720546456194815,0
4,0.22280725594007755,1.177669935922687,2.5720546456194815,2.794861901559559,0
5,0.06990757756657572,2.408064746023592,2.408064746023592,2.477972323590168,0
