Process ID,Burst Time,Arrival Time,Time of First Service,Completion Time,Waiting Time
1,0.1060551127811067,0.017682089304053242,0.017682089304053242,0.1560382881979429,0.07692079948078194
2,0.032301086112782956,0.06316152845864416,0.06316152845864416,0.09546261457142712,0.07692079948078194
3,0.12128660730769336,0.07974586916771961,0.2591350230249509,0.38042163033264426,0.03144136032619102
4,0.09785093829854007,0.09460288878483518,0.16128408472641081,0.2591350230249509,0.014857019617115566
5,0.0052457965284679045,0.10122656810893399,0.1560382881979429,0.16128408472641081,0
