Process ID,Burst Time,Arrival Time,Time of First Service,Completion Time,Waiting Time
1,0.01068346687726029,0.17599726639735522,0.17599726639735522,0.1866807332746155,0
2,0.00274823844353633,0.4809782680776802,0.6060933779395837,0.6088416163831201,0.0
3,0.0004333877329142323,0.6056599902066695,0.6056599902066695,0.6060933779395837,0.0
4,0.04144183202744075,0.6059247627513361,0.6088416163831201,0.6502834484105608,0.0
5,0.03576161844831831,0.6726554178024298,0.6726554178024298,0.708417036250748,0
