Process ID,Burst Time,Arrival Time,Time of First Service,Completion Time,Waiting Time
1,0.04103060605367924,0.04079294307664084,0.04079294307664084,0.08182354913032008,0
2,0.1730562698506313,0.362146071034902,0.718457151939031,0.8915134217896623,0.0
3,0.09942675146329179,0.6190304004757392,0.6190304004757392,0.718457151939031,0.0
4,0.01573290244937102,0.7394338266346702,0.8915134217896623,0.9072463242390333,0.0
5,0.022222815480989155,1.0169906575765086,1.0169906575765086,1.0392134730574978,0
