Process ID,Burst Time,Arrival Time,Time of First Service,Completion Time,Waiting Time
1,0.037542654754142826,0.05734747785294849,0.05734747785294849,0.09489013260709131,0.018487231164123853
2,0.09539870969260016,0.07583470901707234,0.09489013260709131,0.19028884229969145,0.018487231164123853
3,0.08934425219409659,0.3156740046030564,0.8980099614354393,0.9873542136295359,0
4,0.0643044681746269,0.6164632966915121,0.8337054932608124,0.8980099614354393,0
5,0.02826806744956626,0.8054374258112462,0.8054374258112462,0.8337054932608124,0
