Process ID,Burst Time,Arrival Time,Time of First Service,Completion Time,Waiting Time
1,0.20630555171782913,0.12109839565648411,0.12109839565648411,0.33192716506874054,0.05390945522670232
2,0.004523217694427299,0.17500785088318643,0.17500785088318643,0.17953106857761372,0.05390945522670232
3,0.04540419620404595,0.4886392942278631,0.7778219910561496,0.8232261872601955,0
4,0.0275224537266203,0.6468904840956222,0.7502995373295293,0.7778219910561496,0
5,0.024367326331244797,0.7259322109982844,0.7259322109982844,0.7502995373295293,0
