Process ID,Burst Time,Arrival Time,Time of First Service,Completion Time,Waiting Time
1,0.000677654854782028,0.1734378046222774,0.1734378046222774,0.17411545947705942,0
2,0.018101803733618055,0.17940471174051487,0.17940471174051487,0.19750651547413292,0
3,0.04387864134580378,0.6045759086604416,0.7926963123897351,0.8365749537355389,0
4,0.1172346784645696,0.6934083093842998,0.8365749537355389,0.9538096322001085,0
5,0.036377411526125614,0.7563189008636095,0.7563189008636095,0.7926963123897351,0
