Process ID,Burst Time,Arrival Time,Time of First Service,Completion Time,Waiting Time
1,0.030323877674563394,2.5896397781001532,2.5896397781001532,2.6199636557747166,0.0
2,0.0941152597868431,3.2298475207217896,3.2298475207217896,3.3239627805086327,0.0
3,0.008215561412277993,5.032576575147522,5.032576575147522,5.0407921365598005,0.0
4,0.09435548475761525,5.387313839544046,5.387313839544046,5.481669324301661,0.0
5,0.15201536045705702,6.258641472070559,6.258641472070559,6.410656832527616,0.0
