Process ID,Burst Time,Arrival Time,Time of First Service,Completion Time,Waiting Time
1,0.044354149769246516,0.09313189128959157,0.09313189128959157,0.13748604105883808,0.0
2,0.11079049362557439,0.1262296238041818,0.13748604105883808,0.24827653468441246,0.011256417254656287
3,0.048871309144567464,0.25046505093231247,0.25046505093231247,0.2993363600768799,0.0
4,0.032939182283107035,0.4251402474070292,0.4251402474070292,0.45807942969013626,0.0
5,0.04289143156753363,0.43408579782224727,0.45807942969013626,0.5009708612576699,0.023993631867888998
