Process ID,Burst Time,Arrival Time,Time of First Service,Completion Time,Waiting Time
1,0.0005316024543377167,0.007144507238117664,0.007144507238117664,0.007676109692455381,0.0
2,0.004823006481106665,0.17256089629013396,0.17256089629013396,0.17738390277124064,0.0
3,0.03037877447070538,0.2556206521026347,0.2556206521026347,0.28599942657334004,0.0
4,0.08897232926442489,0.28179964734267265,0.28599942657334004,0.37497175583776493,0.004199779230667389
5,0.42462600923678745,0.36542121922709353,0.37497175583776493,0.7995977650745524,0.0095505366106714
