Process ID,Burst Time,Arrival Time,Time of First Service,Completion Time,Waiting Time
1,0.006451325584239249,0.040217608532262986,0.040217608532262986,0.046668934116502234,0.0
2,0.06931324941423599,0.06868246001383684,0.06868246001383684,0.13799570942807282,0.0
3,0.1946718766973973,0.08692784220564026,0.13799570942807282,0.3326675861254701,0.05106786722243256
4,0.18176559207749965,0.09270780810790612,0.34226517380108595,0.5240307658785857,0.24955736569317982
5,0.009597587675615834,0.2203359531628703,0.3326675861254701,0.34226517380108595,0.11233163296259979
