Process ID,Burst Time,Arrival Time,Time of First Service,Completion Time,Waiting Time
1,0.0004591251794674073,0.20606165612504423,0.20606165612504423,0.20652078130451165,0.0
2,0.0022169534022357614,0.26741904395223703,0.26741904395223703,0.2696359973544728,0.0
3,0.13086493089895865,0.2773073294680228,0.2773073294680228,0.4081722603669814,0.0
4,0.04793102771861113,0.3307043477510532,0.4081722603669814,0.45610328808559253,0.07746791261592822
5,0.11721607227122549,0.3866653390292932,0.45610328808559253,0.5733193603568181,0.06943794905629935
