Process ID,Burst Time,Arrival Time,Time of First Service,Completion Time,Waiting Time
1,0.0862341030898696,0.0011504409266514808,0.0011504409266514808,0.08738454401652108,0.0
2,0.028958294904883043,0.14904103924143625,0.14904103924143625,0.1779993341463193,0.0
3,0.13876065880125307,0.18807054847490193,0.18807054847490193,0.326831207276155,0.0
4,0.021751531124900508,0.19556597350896454,0.326831207276155,0.3485827384010555,0.13126523376719046
5,0.09632474313947412,0.20323057089287203,0.3485827384010555,0.4449074815405296,0.1453521675081835
