Process ID,Burst Time,Arrival Time,Time of First Service,Completion Time,Waiting Time
1,0.0625683472371548,0.12316076996307058,0.12316076996307058,0.1857291172002254,0.0
2,0.014369896986460717,0.13152103625948813,0.1857291172002254,0.2000990141866861,0.05420808094073726
3,0.02499897998349352,0.14510977075737538,0.2000990141866861,0.22509799417017962,0.05498924342931072
4,0.02879767645189272,0.24249464372830773,0.24249464372830773,0.27129232018020044,0.0
5,0.06638956600726707,0.43554419114605514,0.43554419114605514,0.5019337571533222,0.0
