Process ID,Burst Time,Arrival Time,Time of First Service,Completion Time,Waiting Time
1,0.044710458431775006,0.02564564710171598,0.02564564710171598,0.07035610553349099,0.0
2,0.01276079062531056,0.10270257317118839,0.10270257317118839,0.11546336379649895,0.0
3,0.021505638956371444,0.1335642552438191,0.1335642552438191,0.15506989420019054,0.0
4,0.27241149139166315,0.14132581662253396,0.15506989420019054,0.42748138559185367,0.013744077577656583
5,0.020447918483671425,0.2079190206726767,0.42748138559185367,0.4479293040755251,0.21956236491917697
