Process ID,Burst Time,Arrival Time,Time of First Service,Completion Time,Waiting Time
1,0.07726736536390535,0.01928352329717253,0.01928352329717253,0.09655088866107789,0.0
2,0.02338508745856966,0.061384988214148145,0.09655088866107789,0.11993597611964754,0.03516590044692974
3,0.1583991612765352,0.0722278577187259,0.21850272972472484,0.37690189100126004,0.14627487200599892
4,0.02553057371596669,0.0993710447540711,0.11993597611964754,0.14546654983561425,0.02056493136557644
5,0.07303617988911061,0.10125329581759557,0.14546654983561425,0.21850272972472484,0.04421325401801868
