Process ID,Burst Time,Arrival Time,Time of First Service,Completion Time,Waiting Time
1,0.09485896692843719,0.022194109713285497,0.022194109713285497,0.11705307664172268,0.0
2,0.008606279273435592,0.06071727800056239,0.11705307664172268,0.12565935591515828,0.05633579864116029
3,0.08495111871921829,0.13186815269099325,0.13186815269099325,0.21681927141021154,0.0
4,0.010092843865717295,0.16999708801722097,0.21681927141021154,0.22691211527592883,0.046822183392990574
5,0.08257874661012543,0.18629033543368162,0.22691211527592883,0.30949086188605424,0.04062177984224721
