Process ID,Burst Time,Arrival Time,Time of First Service,Completion Time,Waiting Time
1,0.0029735772871429013,0.02690700955262105,0.02690700955262105,0.02988058683976395,0.0
2,0.03934647808598877,0.036474423816215774,0.036474423816215774,0.07582090190220454,0.0
3,0.015989119327534187,0.05778992048219542,0.07582090190220454,0.09181002122973873,0.018030981420009126
4,0.03272604612157387,0.07951259249552797,0.09181002122973873,0.1245360673513126,0.01229742873421076
5,0.009932337422417193,0.09545914702199207,0.1245360673513126,0.1344684047737298,0.029076920329320535
