Process ID,Burst Time,Arrival Time,Time of First Service,Completion Time,Waiting Time
1,0.03537480876502727,0.38895250621467004,0.38895250621467004,0.42432731497969733,0.0
2,0.04385871636769731,0.6080257928333592,0.6080257928333592,0.6518845092010566,0.0
3,0.10046032926500334,1.8420202642907082,1.8420202642907082,1.9424805935557115,0.0
4,0.007611513741957777,2.633662667661582,2.633662667661582,2.64127418140354,0.0
5,0.007933106454841271,3.1980498817083576,3.1980498817083576,3.205982988163199,0.0
