Process ID,Burst Time,Arrival Time,Time of First Service,Completion Time,Waiting Time
1,0.03942773249809096,0.05317100695759477,0.05317100695759477,0.09259873945568572,0.0
2,0.034340817082353516,0.07326149985207919,0.09259873945568572,0.12693955653803923,0.019337239603606532
3,0.04994004043624855,0.21219590103718997,0.21219590103718997,0.2621359414734385,0.0
4,0.01924351062730205,0.25001333271380366,0.2621359414734385,0.28137945210074056,0.012122608759634834
5,0.04203319526470111,0.29055705493711925,0.29055705493711925,0.33259025020182037,0.0
