Process ID,Burst Time,Arrival Time,Time of First Service,Completion Time,Waiting Time
1,0.034379997393159584,0.04537701581358232,0.04537701581358232,0.0797570132067419,0.0
2,0.22247192548188952,0.13174305392746188,0.13174305392746188,0.3542149794093514,0.0
3,0.042230862297910246,0.2306239370117374,0.3542149794093514,0.39644584170726166,0.12359104239761404
4,0.01651215391005492,0.30759277336346236,0.39644584170726166,0.41295799561731655,0.0888530683437993
5,0.04657086505932743,0.40115812488701885,0.41295799561731655,0.459528860676644,0.011799870730297701
