Process ID,Burst Time,Arrival Time,Time of First Service,Completion Time,Waiting Time
1,0.007050123282247182,0.013296339173864464,0.013296339173864464,0.020346462456111644,0.0
2,0.036319026280872656,0.03313322502825363,0.03313322502825363,0.06945225130912629,0.0
3,0.06879708495549669,0.05119771302368831,0.06945225130912629,0.138249336264623,0.01825453828543798
4,0.01452003451872663,0.09547975462011474,0.138249336264623,0.15276937078334962,0.04276958164450825
5,0.08240879660167647,0.14764617773699698,0.15276937078334962,0.2351781673850261,0.005123193046352642
