Process ID,Burst Time,Arrival Time,Time of First Service,Completion Time,Waiting Time
1,0.030626822479510832,0.008597510127738985,0.008597510127738985,0.03922433260724982,0.0
2,0.047710887854160666,0.09929786938746593,0.09929786938746593,0.1470087572416266,0.0
3,0.07480485063672307,0.16545618207229043,0.16545618207229043,0.2402610327090135,0.0
4,0.0500397684340843,0.17966988169627252,0.2602308603104677,0.310270628744552,0.0805609786141952
5,0.019969827601454205,0.20100929555646674,0.2402610327090135,0.2602308603104677,0.03925173715254676
