Process ID,Burst Time,Arrival Time,Time of First Service,Completion Time,Waiting Time
1,0.01775356969728664,0.00502623320259228,0.00502623320259228,0.02277980289987892,0.0
2,0.06688338387042526,0.03326741204694737,0.03326741204694737,0.10015079591737264,0.0
3,0.1064066561873221,0.07309202889401864,0.10015079591737264,0.20655745210469473,0.027058767023353997
4,0.0449345865165987,0.11434034668293967,0.20655745210469473,0.25149203862129343,0.09221710542175506
5,0.28849465842380967,0.12806548600140702,0.25149203862129343,0.539986697045103,0.12342655261988641
