Process ID,Burst Time,Arrival Time,Time of First Service,Completion Time,Waiting Time
1,0.02265077922964641,0.027117773708849786,0.027117773708849786,0.04976855293849619,0.0
2,0.08193752403126707,0.05192064031982883,0.05192064031982883,0.1338581643510959,0.0
3,0.04870791519348169,0.08471383678107389,0.1338581643510959,0.1825660795445776,0.04914432757002202
4,0.09097249160026942,0.1283901895037094,0.1825660795445776,0.27353857114484703,0.0541758900408682
5,0.01831481097917573,0.17540696706405678,0.27353857114484703,0.2918533821240228,0.09813160408079025
