Process ID,Burst Time,Arrival Time,Time of First Service,Completion Time,Waiting Time
1,0.07499348270358985,0.0259860897945579,0.0259860897945579,0.10097957249814775,0.0
2,0.1845383615292735,0.1691973461514157,0.1691973461514157,0.3537357076806892,0.0
3,0.04372358991492551,0.19986809590223406,0.3537357076806892,0.3974592975956147,0.15386761177845512
4,0.03733072743290656,0.2546666524535129,0.3974592975956147,0.43479002502852127,0.14279264514210183
5,0.0725993221571092,0.2759059186388869,0.43479002502852127,0.5073893471856304,0.15888410638963435
