Process ID,Burst Time,Arrival Time,Time of First Service,Completion Time,Waiting Time
1,0.050044332972752056,0.04759352510710739,0.04759352510710739,0.09763785807985945,0.0
2,0.11065659032694394,0.05155169291669057,0.09763785807985945,0.2082944484068034,0.04608616516316888
3,0.18524257296788593,0.08230912067688848,0.2680406729847742,0.4532832459526601,0.1857315523078857
4,0.029190389315000294,0.08384207094276257,0.2082944484068034,0.23748483772180368,0.12445237746404082
5,0.030555835262970506,0.12289015209936752,0.23748483772180368,0.2680406729847742,0.11459468562243616
