Process ID,Burst Time,Arrival Time,Time of First Service,Completion Time,Waiting Time
1,0.04432471790186666,0.024884297320830598,0.024884297320830598,0.06920901522269726,0.0
2,0.04009596733487306,0.03228236944543457,0.09365086572289104,0.1337468330577641,0.06136849627745647
3,0.024441850500193773,0.04023888770028551,0.06920901522269726,0.09365086572289104,0.02897012752241175
4,0.16764077085846185,0.05022291233957614,0.2117904801194581,0.37943125097791996,0.16156756777988196
5,0.078043647061694,0.07772513668161815,0.1337468330577641,0.2117904801194581,0.05602169637614596
