Process ID,Burst Time,Arrival Time,Time of First Service,Completion Time,Waiting Time
1,0.02379068766060705,1.713580584152294,1.713580584152294,1.737371271812901,0.0
2,0.19775164501255973,1.7482939182393682,1.7482939182393682,1.946045563251928,0.0
3,0.14897412481170666,1.7685088607636532,1.946045563251928,2.0950196880636347,0.1775367024882748
4,0.04935381891067726,1.951267708755626,2.0950196880636347,2.144373506974312,0.14375197930800865
5,0.09857794200327794,2.278369162020596,2.278369162020596,2.376947104023874,0.0
