Process ID,Burst Time,Arrival Time,Time of First Service,Completion Time,Waiting Time
1,0.2170966653449536,0.008249165797245642,0.008249165797245642,0.22534583114219922,0.0
2,0.09681592667698322,0.06672802217392892,0.2898879089672675,0.3867038356442507,0.2231598867933386
3,0.061139157979021724,0.09481855556424658,0.22534583114219922,0.28648498912122095,0.13052727557795263
4,0.00234081551321478,0.12560708863917006,0.28648498912122095,0.28882580463443575,0.1608779004820509
5,0.001062104332831796,0.12926352119881018,0.28882580463443575,0.2898879089672675,0.15956228343562556
