Process ID,Burst Time,Arrival Time,Time of First Service,Completion Time,Waiting Time
1,0.0004661500240539256,0.03879079830675414,0.03879079830675414,0.03925694833080806,0.0
2,0.1254582541957793,0.16407696361849192,0.16407696361849192,0.2895352178142712,0.0
3,0.014173551658028903,0.4253823713332463,0.4253823713332463,0.4395559229912752,0.0
4,0.014661150237059696,1.1730354134475218,1.1730354134475218,1.1876965636845815,0.0
5,0.09017868466565761,1.4398100730597345,1.4398100730597345,1.5299887577253921,0.0
