Process ID,Burst Time,Arrival Time,Time of First Service,Completion Time,Waiting Time
1,0.10694666387186308,0.4216329089586865,0.4216329089586865,0.5285795728305496,0.0
2,0.04932547264723066,0.44157485310006117,0.5285795728305496,0.5779050454777802,0.0870047197304884
3,0.11511691260062012,0.7128670057713414,0.7128670057713414,0.8279839183719615,0.0
4,0.1980642931554946,1.3805558499019486,1.3805558499019486,1.5786201430574431,0.0
5,0.013762153370034969,1.488810677877221,1.5786201430574431,1.592382296427478,0.08980946518022215
