Process ID,Burst Time,Arrival Time,Time of First Service,Completion Time,Waiting Time
1,0.0025427984677039283,0.03637669178434947,0.03637669178434947,0.0389194902520534,0.0
2,0.006804778335745306,0.06681142572367285,0.06681142572367285,0.07361620405941816,0.0
3,0.017123063499184316,0.34351260015896123,0.34351260015896123,0.36063566365814553,0.0
4,0.09485413903214504,0.38302225918172256,0.38302225918172256,0.4778763982138676,0.0
5,0.05907524907261132,0.45752779219717,0.4778763982138676,0.5369516472864789,0.020348606016697635
