Process ID,Burst Time,Arrival Time,Time of First Service,Completion Time,Waiting Time
1,0.030728704628889505,0.03922106928562564,0.03922106928562564,0.06994977391451515,0.0
2,0.09161197903063088,0.3436128308577255,0.3436128308577255,0.4352248098883564,0.0
3,0.0760905800926127,0.5019556778129916,0.5019556778129916,0.5780462579056043,0.0
4,0.15926613181962923,0.6757170311932583,0.6757170311932583,0.8349831630128876,0.0
5,0.06449983998966713,1.6005119757205315,1.6005119757205315,1.6650118157101987,0.0
