Process ID,Burst Time,Arrival Time,Time of First Service,Completion Time,Waiting Time
1,0.14345133450704783,0.06501644422874073,0.06501644422874073,0.20846777873578856,0.0
2,0.0008209368177439288,0.8303774763882906,0.8303774763882906,0.8311984132060346,0.0
3,0.004982708107292165,1.097948349023168,1.097948349023168,1.1029310571304602,0.0
4,0.08117778498260007,1.0979971988669037,1.1029310571304602,1.1841088421130603,0.004933858263556523
5,0.1072653912360953,1.3285081377898256,1.3285081377898256,1.4357735290259208,0.0
