Process ID,Burst Time,Arrival Time,Time of First Service,Completion Time,Waiting Time
1,0.03631940440360757,0.017649732757289475,0.017649732757289475,0.053969137160897046,0.0
2,0.13369068669608614,0.17557273425507597,0.17557273425507597,0.3092634209511621,0.0
3,0.053501796702306335,0.6702981759042717,0.6702981759042717,0.723799972606578,0.0
4,0.03546261761010986,0.6801301398986711,0.723799972606578,0.7592625902166878,0.04366983270790692
5,0.01888172612368112,1.0923234787977099,1.0923234787977099,1.111205204921391,0.0
