Process ID,Burst Time,Arrival Time,Time of First Service,Completion Time,Waiting Time
1,0.0625246159085386,2.020156601320737,2.020156601320737,98.54040818781264,0.15490505347527436
2,0.02133470074257908,3.0924085097649723,4.060313202641473,50.26085522057835,0.08693170393002426
3,0.01693170393002427,5.558226174653057,9.192878313727181,47.167112010070795,0.07
4,0.06040043206067693,10.235817683269543,17.863512998145215,129.26826166968195,0.14742966938381294
5,0.016638648802671015,11.452466848752225,30.139487282735494,73.99593500272353,0.07826640467260335
