Process ID,Burst Time,Arrival Time,Time of First Service,Completion Time,Waiting Time
1,0.05268081160480195,2.250286412653238,2.250286412653238,9.878855943261271,0.06
2,0.029188562363452172,3.055315893696756,4.540572825306475,16.84498228805553,0.07268081160480196
3,0.037200510364460704,3.88162188873405,9.878855943261271,31.300085922261477,0.10186937396825413
4,0.04947519156785513,5.110498729412015,16.84498228805553,46.97634107834879,0.13906988433271483
5,0.08228083465275812,5.405782505695424,21.975481017467544,63.23596943008781,0.175864264295768
