Process ID,Burst Time,Arrival Time,Time of First Service,Completion Time,Waiting Time
1,0.06072649391900164,0.3248951810486422,0.3248951810486422,3.619572542372457,0.13650571216688356
2,0.03650571216688357,0.4695684442075354,0.6897903620972844,2.641557081757802,0.08
3,0.023864235161160246,0.6112289380299205,1.5242539873534622,5.015460427083344,0.11723220608588521
4,0.05106032952912445,0.6323937856470113,2.641557081757802,7.092103039426296,0.14109644124704546
5,0.299473262159266,0.7607947115198064,3.619572542372457,17.24190755134305,0.37215677077617
