Process ID,Burst Time,Arrival Time,Time of First Service,Completion Time,Waiting Time
1,0.021661767599849457,0.060541483145779826,0.060541483145779826,0.2978714404186439,0.027705440855076913
2,0.007705440855076913,0.08687978252637801,0.14108296629155964,0.23566818967301456,0.01
3,0.14109123521315622,0.1186325079682427,0.2978714404186439,6.798678496551867,0.2021761119731447
4,0.00523898007412154,0.14746507806272696,0.4265039483868866,0.579208006523735,0.011661767599849457
5,0.04756992344409676,0.8759908439630975,0.579208006523735,5.521262181656288,0.09523898007412153
