Process ID,Burst Time,Arrival Time,Time of First Service,Completion Time,Waiting Time
1,0.03125814549831697,0.15582748594823,0.15582748594823,1.8964558631181767,0.06544713542144348
2,0.14604213078239847,0.16361213333817035,0.33165497189646004,10.863385651470118,0.3207863656037021
3,0.11258046622644113,0.31151290070431503,0.6710945911828604,10.34650712067321,0.28820589937726093
4,0.005447135421443477,0.5677034710248405,1.1662196252253458,1.7393702316716297,0.03
5,0.04150061845750039,0.6286413863483864,1.8964558631181767,7.061663549487548,0.14670528091976046
