Process ID,Burst Time,Arrival Time,Time of First Service,Completion Time,Waiting Time
1,0.15440125933690918,0.007751724968525908,0.007751724968525908,8.345774611620403,0.49079300700354844
2,0.11135963073524509,0.2255518526618525,0.05550344993705182,7.7410524403489545,0.4394333762683033
3,0.06397393445034455,0.3215156232051156,0.32880702756743024,6.051222000059983,0.34
4,0.10234645155642232,0.5625691869660144,0.9158745034343985,8.910690250142839,0.44519426634045756
5,0.07545944181795866,0.581586750477523,1.5261954153689388,7.504140956951857,0.3639739344503446
