Process ID,Burst Time,Arrival Time,Time of First Service,Completion Time,Waiting Time
1,0.1529335221852789,0.023700927569944744,0.023700927569944744,2.6872676757213596,0.3640883045575098
2,0.05787062598699904,0.02763848423259422,0.08740185513988949,1.1645023546768323,0.18
3,0.06418481213493964,0.16319168768825026,0.17874126694242842,2.3369833762478476,0.27990349242257007
4,0.022032866435571046,0.19258026818742707,0.40957143886327296,1.3591154892998305,0.15787062598699905
5,0.10147744550835071,0.24994892214834372,0.6658526346206449,3.2086429655263977,0.3170218267427886
