Process ID,Burst Time,Arrival Time,Time of First Service,Completion Time,Waiting Time
1,0.2349126792611622,0.04578310389356827,0.04578310389356827,2.799377048106951,0.32098665090093864
2,0.03271671187593062,0.0637456372126544,0.11156620778713654,1.5247031477393638,0.1155542497193914
3,0.04271568930561648,0.10358327891150845,0.24109494889335922,1.856151602655134,0.138270961595322
4,0.008815325070892067,0.1972875937556274,0.4284238650175221,0.6345267838440416,0.03
5,0.006738924648499352,0.40449668733542954,0.6903098877376099,1.101545499721539,0.03881532507089207
