Process ID,Burst Time,Arrival Time,Time of First Service,Completion Time,Waiting Time
1,0.03965114302425651,0.0193311590533455,0.0193311590533455,0.8149615814747754,0.06283750618708442
2,0.012837506187084416,0.030999244087806077,0.058662318106691,0.37671306888035555,0.04
3,0.0391353022065188,0.20388359735762246,0.12899272124784258,3.8213964362932287,0.1224886492113409
4,0.06667526438266182,0.3992662105168178,0.37671306888035555,7.001621378519939,0.18099244768920425
5,0.059368496271344516,0.5057054465018109,0.8149615814747754,6.595679903620459,0.16162395141785973
