Process ID,Burst Time,Arrival Time,Time of First Service,Completion Time,Waiting Time
1,0.1133281697184284,0.006933705088102953,0.006933705088102953,1.517703068894249,0.2291206710083203
2,0.045430012179093975,0.020590214425748737,0.0538674101762059,0.9830515479560146,0.16052630974039134
3,0.020526309740391324,0.12164908522605301,0.1213913296900576,0.9570313213511719,0.14
4,0.027317081139514802,0.23074585705262007,0.30363062934185936,1.2211144861481495,0.1259563219194853
5,0.035847267949320194,0.23354573490214506,0.5813101914825825,1.4974411940877177,0.1332734030590001
