Process ID,Burst Time,Arrival Time,Time of First Service,Completion Time,Waiting Time
1,0.06381385919810617,0.06619042857721516,0.06619042857721516,4.923190357821921,0.2023340686928181
2,0.22891073627692912,0.18087167904075385,0.15238085715443034,11.175845945827955,0.4565310691713073
3,0.13038314128038284,0.2727671487715154,0.4194429647723994,9.459090098184241,0.3661479278909244
4,0.03834755973016235,0.3552757484270154,0.8930817925846687,4.8531860700466,0.1639865089626557
5,0.013986508962655707,0.4185897229462999,1.3345479695888993,3.100818929260654,0.09
