Process ID,Burst Time,Arrival Time,Time of First Service,Completion Time,Waiting Time
1,0.09644622524443917,0.02888713510355109,0.02888713510355109,1.2380934044183203,0.16439503250792964
2,0.05286723890415031,0.06694989489470775,0.09777427020710218,1.19276004407033,0.13152779360377934
3,0.009256621827698661,0.13044900228148215,0.233611300205361,0.37331692431454183,0.04
4,0.002271171776080678,0.15773467287015563,0.4602668192092496,0.620272663855486,0.04925662182769866
5,0.16261458898623382,0.42378311131243496,0.6691597989590371,4.770972883904034,0.24084125775236875
