Process ID,Burst Time,Arrival Time,Time of First Service,Completion Time,Waiting Time
1,0.12431172896547693,0.0382402121160276,0.0382402121160276,3.3368722212499575,0.36272798712333876
2,0.12336510327096219,0.07419556489229599,0.0964804242320552,3.4986284543055115,0.3670397160888157
3,0.08154290290093702,0.08283239288696484,0.2289162012403788,3.0776889382678343,0.3111850842224017
4,0.020749222258731333,0.09167191814404223,0.4059441590196397,1.4902710972124347,0.12999999999999998
5,0.030435861963670277,0.1590128108556801,0.5558562892797095,2.092240962898781,0.17074922225873135
