Process ID,Burst Time,Arrival Time,Time of First Service,Completion Time,Waiting Time
1,0.10301550472605518,0.013594901091900896,0.013594901091900896,2.579376293858499,0.22311588914882402
2,0.0004891022628755611,0.11066835315378054,0.0671898021838018,0.17834725760045791,0.02
3,0.08818729741467846,0.29403576853182023,0.2119421586923588,3.5343675988004093,0.22590693353225658
4,0.07977553965737738,0.31895693080621357,0.525977927224179,3.2321445328539107,0.20564229161200365
5,0.002626786885948501,0.32202904226433304,0.8985297591222935,1.2231855882725748,0.06
