Process ID,Burst Time,Arrival Time,Time of First Service,Completion Time,Waiting Time
1,0.018823104863542793,0.01450095054476734,0.01450095054476734,0.04782500595307747,0.01
2,0.12097693098528499,0.18971659758762344,0.04782500595307747,7.264463804506885,0.29269332804841786
3,0.058682900776468726,0.2046664593940068,0.24754160354070093,4.896785869669261,0.18264460488116815
4,0.08254271752723809,0.23653552580293422,0.6619246605223312,6.67433708075873,0.2513275056576369
5,0.02264460488116813,0.36955246238469847,1.1231266457192723,3.576265803323664,0.10999999999999999
