Process ID,Burst Time,Arrival Time,Time of First Service,Completion Time,Waiting Time
1,0.14207594410164273,0.13343910329575823,0.13343910329575823,4.316246617088967,0.3018638590311071
2,0.007079385108140362,0.19968060835687063,0.30687820659151643,0.5136382000565274,0.02
3,0.0003014586226623526,0.2248522876718384,0.6670773033522857,0.8922310496467865,0.027079385108140362
4,0.09963717011584906,0.24147673439435746,0.8922310496467865,4.180731569691567,0.23514730380711765
5,0.05484584518445532,0.43762580652988514,1.307146887336902,3.5047018274912447,0.16030145862266235
