Process ID,Burst Time,Arrival Time,Time of First Service,Completion Time,Waiting Time
1,0.015466087822912667,0.0001377288275656469,0.0001377288275656469,0.015603816650478313,0
2,0.0022613092774593645,0.00347602670775825,0.015603816650478313,0.02134115263569593,0
3,0.015510986379093553,0.04114350148670599,0.02134115263569593,0.07799564050149546,0
4,0.08884929643581832,0.12025207129247842,0.07799564050149546,1.2151700573170998,0.12283530746897811
5,0.0428353074689781,0.13474315214947194,0.3584997830864523,1.0860686895888032,0.1
