Process ID,Burst Time,Arrival Time,Time of First Service,Completion Time,Waiting Time
1,0.06772461518153915,0.0003604902902732056,0.0003604902902732056,0.9741484088133785,0.15600036511843987
2,0.010552254548322414,0.03188364492751542,0.020720980580546413,0.15358939771225597,0.04
3,0.036181547530472424,0.03818838243808311,0.07296511579833502,0.9660633033415662,0.12981881758796743
4,0.019266563039645034,0.1167952673069182,0.15358939771225597,0.5942582488475229,0.06055225454832242
5,0.05963004443029153,0.1192628807534292,0.29074515530944733,1.3615670955039578,0.14372498029997902
