Process ID,Burst Time,Arrival Time,Time of First Service,Completion Time,Waiting Time
1,0.09447147299935396,0.07153274942371077,0.07153274942371077,2.1137147533544254,0.23999999999999996
2,0.11494728523769489,0.08411442109563966,0.18306549884742154,3.895076908850367,0.3944362072219911
3,0.24373121924252092,0.10487060279909104,0.37871266936677206,5.574218756136142,0.5622412828672317
4,0.11285779040754565,0.3317940076214934,0.6076976932615028,4.716393317299989,0.409383492459686
5,0.03996473422263705,0.3759070491084297,1.051024450306707,2.509586536685492,0.17447147299935395
