Process ID,Burst Time,Arrival Time,Time of First Service,Completion Time,Waiting Time
1,0.04824457720279023,0.051118308023280004,0.051118308023280004,2.0371128831924303,0.10631857255057747
2,0.06636322114911927,0.08313505450231877,0.12223661604656001,5.041882476242379,0.19515498661273847
3,0.20192262076153153,0.31014748311803647,0.2764899785721588,9.83601734377446,0.33151820776185786
4,0.006318572550577486,0.35236326872628687,0.689772516192514,1.0484543574693783,0.03
5,0.030591836859370728,0.44489479485334643,1.1095726654926583,4.21895417985255,0.1345631497533677
