Process ID,Burst Time,Arrival Time,Time of First Service,Completion Time,Waiting Time
1,0.0018033412771030985,0.12982047054723142,0.12982047054723142,0.13162381182433452,0
2,0.04133446687118149,0.15137084511635046,0.13162381182433452,0.8247395733072629,0.06
3,0.021794305800260847,0.17766875926269549,0.4743655020570355,1.246309916654784,0.06133446687118149
4,0.07044501568904515,0.2221072782845648,0.8247395733072629,2.8578900839630736,0.14312877267144233
5,0.17013104783003422,0.27827110558851653,1.246309916654784,4.637647765324206,0.23357378836048745
