Process ID,Burst Time,Arrival Time,Time of First Service,Completion Time,Waiting Time
1,0.03446287620154436,0.055729448400923955,0.055729448400923955,1.011570985894879,0.07
2,0.048511223189328906,0.0968718950717333,0.1314588968018479,3.3830949483662742,0.1493406041472498
3,0.02487772794570545,0.21412363519983688,0.3040602402745052,2.5289749528775385,0.10446287620154433
4,0.05983542934045164,0.30632289074633523,0.6350557705460754,4.982983232764942,0.17785182733657873
5,0.11185343864151494,0.315542091409606,1.011570985894879,7.253631311273697,0.23768725667703042
