Process ID,Burst Time,Arrival Time,Time of First Service,Completion Time,Waiting Time
1,0.009112408625084,0.4689298227970548,0.4689298227970548,0.4780422314221388,0
2,0.06390753820956191,0.6890218825744174,0.4780422314221388,23.179114250718392,0.15357000680983068
3,0.062222628779205334,1.4833716966823545,1.8760859965709737,26.158080272862307,0.15747754501939262
4,0.014237922322938936,1.5554100077217876,4.068479575827745,11.793518691984563,0.060000000000000005
5,0.02933208448689176,2.39758759913353,7.127261280231887,20.293791250677643,0.09423792232293893
