Process ID,Burst Time,Arrival Time,Time of First Service,Completion Time,Waiting Time
1,0.023261916567388973,1.7681711703192264,1.7681711703192264,3.5596042572058417,0.02
2,0.12775381444532405,2.4282641122919975,3.5596042572058417,47.359469941227054,0.2913439839467954
3,0.03764489303110309,2.554469258975141,6.007868369497839,16.65714783313807,0.08
4,0.096271977316482,3.0344319403668467,11.030601740764975,44.92345201448973,0.25181009006292443
5,0.03416519703182138,3.1125413981839856,16.65714783313807,28.419091879196706,0.1176448930311031
