Process ID,Burst Time,Arrival Time,Time of First Service,Completion Time,Waiting Time
1,0.025920482101819072,0.23957456316873088,0.23957456316873088,0.5050696084392808,0.02
2,0.022370823984939014,0.29251663964892505,0.5050696084392808,1.5264752118085023,0.04592048210181907
3,0.03881729213979843,0.39400150008643253,0.8175862480882059,2.399677828107929,0.06237082398493901
4,0.3954476813468028,0.44038382407319554,1.5264752118085023,14.644832136733221,0.5355994818985738
5,0.11441136577383611,0.5646671006856566,2.399677828107929,8.204010918361679,0.2411881161247374
