Process ID,Burst Time,Arrival Time,Time of First Service,Completion Time,Waiting Time
1,0.013515120796026419,0.026673820168023797,0.026673820168023797,0.06686276113207401,0.01
2,0.06116624279719243,0.07295002416765586,0.06686276113207401,4.088231003316434,0.21349264663722187
3,0.04997752584119542,0.21064338798017754,0.14981278529972988,3.2228025147396298,0.16
4,0.14795030909049636,0.22018074834429746,0.4534061974475633,8.539805316799917,0.381143768638388
5,0.2748168043700338,0.2290907245500015,0.9042303337720383,11.88189226486997,0.5090940777288845
