Process ID,Burst Time,Arrival Time,Time of First Service,Completion Time,Waiting Time
1,0.12425053701531773,0.019529389860231384,0.019529389860231384,1.344529488253429,0.24139661892775358
2,0.014434496811858015,0.05832223840155881,0.07905877972046277,0.1518155149338796,0.02
3,0.1538853004496107,0.10645811894575363,0.19134490479411098,1.8442472644860544,0.2656471559430713
4,0.023142139097346408,0.15567544424217128,0.31780302373986463,0.98877454376591,0.10381998301854922
5,0.0038199830185492163,0.1666710006198221,0.5330078578422673,0.7034988414806387,0.06
