Process ID,Burst Time,Arrival Time,Time of First Service,Completion Time,Waiting Time
1,0.03256907593985772,0.02767278748768031,0.02767278748768031,0.32908156940271666,0.062194446309245116
2,0.045360155929930736,0.037943695499374853,0.07534557497536061,0.7099341673987394,0.10458645068937251
3,0.0021944463092451088,0.038787491519887335,0.16096205796241578,0.20194399579154823,0.02
4,0.05361813078651284,0.038952014684255507,0.2498876912909231,0.8504083422380186,0.10994660661930325
5,0.0098229284402697,0.13393439775918675,0.32908156940271666,0.4728388956021731,0.024763522249102828
