Process ID,Burst Time,Arrival Time,Time of First Service,Completion Time,Waiting Time
1,0.03679186446531788,0.008840947754604804,0.008840947754604804,0.7665870272545422,0.07
2,0.1751263507734278,0.11416425876011951,0.03768189550920961,5.315519954381292,0.31627048112402834
3,0.07462949674850645,0.20411659023544576,0.18068710202393395,4.078751016006669,0.2116409843755218
4,0.01908352759824788,0.2219862640151204,0.5189679510194992,1.6182368091532957,0.07679186446531787
5,0.025765592311956003,0.2722991412898198,0.7665870272545422,2.5168815330404564,0.10587539206356573
