Process ID,Burst Time,Arrival Time,Time of First Service,Completion Time,Waiting Time
1,0.13171903186736764,0.0974172459701126,0.0974172459701126,2.368328371217879,0.2658979057615148
2,0.021403557619519283,0.10060340355588251,0.23483449194022518,0.726672595345849,0.078191619367176
3,0.018191619367176004,0.133618873337051,0.4728551414662203,0.6246656341704473,0.04
4,0.08993592987629762,0.16643546913951837,0.726672595345849,2.544699770233695,0.21761693762888243
5,0.026302728774819557,0.2041115773956593,1.0305253104554801,1.7689039091312493,0.1195951769866953
