Process ID,Burst Time,Arrival Time,Time of First Service,Completion Time,Waiting Time
1,0.0036820230991043896,0.04091553620718858,0.04091553620718858,0.04459755930629297,0
2,0.0002475456775165429,0.2045506405555951,0.04459755930629297,0.2493957455394046,0
3,0.09364551548815869,0.21286117133537336,0.2493957455394046,5.620327556232489,0.20483043521305297
4,0.077948123391096,0.24656066248643166,0.6951180882101513,5.403820869408957,0.18688231182195697
5,0.03688231182195694,0.26533971168667203,1.1745399220319563,3.7110465820660146,0.10999999999999999
