Process ID,Burst Time,Arrival Time,Time of First Service,Completion Time,Waiting Time
1,0.08901673800642151,0.057823531303290356,0.057823531303290356,1.1486768892612886,0.15191493157162173
2,0.016244058250088574,0.08483303172067179,0.1556470626065807,0.25672415257734105,0.02
3,0.006311263113013317,0.11375458672529556,0.33454768388063144,0.4546135337189403,0.03624405825008857
4,0.04747831284843991,0.16564947639622601,0.4546135337189403,1.3218046785059545,0.10468761132795465
5,0.009359610208519819,0.1687409919283743,0.7180865414184566,0.8961871435553508,0.04631126311301331
