Process ID,Burst Time,Arrival Time,Time of First Service,Completion Time,Waiting Time
1,0.1426733351797639,0.005811008020829962,0.005811008020829962,1.0336238328092757,0.33076182582275554
2,0.0019675197650565637,0.045532191705650746,0.05162201604165993,0.09912172751236724,0.02
3,0.16043308467596057,0.04944741450599299,0.12493273553319721,1.4687017698254055,0.3769311751743622
4,0.008794306057698976,0.054212983115791355,0.1943801500391902,0.25738743921268054,0.04
5,0.1034960141718427,0.07667959007217728,0.2831984472335105,1.279926441631466,0.31146764123746284
