Process ID,Burst Time,Arrival Time,Time of First Service,Completion Time,Waiting Time
1,0.07409463842168551,0.016513153485782972,0.016513153485782972,3.7667524898835167,0.21979450480284668
2,0.23223029262462266,0.0459895631663331,0.05302630697156595,7.637484447238166,0.46764904121749223
3,0.003508117540230885,0.25529925291497224,0.13552902362368202,0.39433639407888516,0.02
4,0.13375989799295981,0.3096588477492316,0.4503259572452183,7.141348086116551,0.3638891432245323
5,0.03628638726261575,0.3328068120283985,0.7964979584802329,3.370496287060484,0.1535081175402309
