Process ID,Burst Time,Arrival Time,Time of First Service,Completion Time,Waiting Time
1,0.02298228843626929,0.04544447524629192,0.04544447524629192,0.23063934955649817,0.020020908139195145
2,2.0908139195143798e-05,0.07130272724215797,0.11088895049258383,0.18221258587393696,0.01
3,0.06362000435822704,0.08073968953947727,0.23063934955649817,4.019856389059921,0.18300319657546446
4,0.09322293408763276,0.2492340894331028,0.3213790390959754,5.316792404969992,0.2258765715894829
5,0.06927427879498652,0.2575024452950399,0.5806131285290782,4.54586720258305,0.19362000435822707
