Process ID,Burst Time,Arrival Time,Time of First Service,Completion Time,Waiting Time
1,0.050787988462329806,0.04608679376617746,0.04608679376617746,0.275922188680712,0.06
2,0.03398443766830344,0.06687381891984981,0.13217358753235492,0.4786832061271747,0.07078798846232981
3,0.26060327651783444,0.1019027608583094,0.275922188680712,3.2751131512495757,0.4213093963073468
4,0.033838044268467905,0.15190194818710767,0.4786832061271747,1.120377889807291,0.10477242613063326
5,0.08269892590824558,0.1621499821791234,0.6505851543142824,2.1973850270069586,0.2278224819367713
