Process ID,Burst Time,Arrival Time,Time of First Service,Completion Time,Waiting Time
1,0.0590281473041004,0.0186928458677996,0.0186928458677996,1.543926454014119,0.14924650620561558
2,0.019246506205615584,0.08452992769471375,0.0573856917355992,0.38737318170245644,0.04
3,0.16640589354069465,0.10298828250401458,0.18060846529811256,7.3224572892467386,0.5082307870208168
4,0.23882191502427627,0.1185006485868894,0.38737318170245644,8.349284392966128,0.5746366805615115
5,0.12995613351110052,0.21998403831773322,0.5445666761571455,6.488596319929319,0.4182746535097162
