Process ID,Burst Time,Arrival Time,Time of First Service,Completion Time,Waiting Time
1,0.05019751090676373,0.0303358437006009,0.0303358437006009,0.23034043989432773,0.06
2,0.11638869855173822,0.06913539788576127,0.1006716874012018,2.5025866399349708,0.2670421276694631
3,0.01219167214549511,0.15217935437704455,0.23034043989432773,0.3947114664168674,0.030197510906763727
4,0.04465294461720432,0.2161667980902826,0.4838468643026287,1.8415990722869566,0.16238918305225883
5,0.10191778529396635,0.2231640366623766,0.7200136623929113,2.9708324985536905,0.25323331531443766
