Process ID,Burst Time,Arrival Time,Time of First Service,Completion Time,Waiting Time
1,0.025945631756434783,0.015880336488089956,0.015880336488089956,0.1064152710170876,0.03
2,0.025806913166885197,0.022828629796382952,0.051760672976179915,0.4264195173022927,0.05557140671697064
3,0.01167585148749949,0.032283558915148364,0.1064152710170876,0.39778397433902457,0.043895555229471146
4,0.004914293508089908,0.05172256132418489,0.18152745972861895,0.23816431456089376,0.025945631756434787
5,0.00303562996494645,0.12262461941053653,0.23816431456089376,0.36382456393637674,0.024914293508089908
