Process ID,Burst Time,Arrival Time,Time of First Service,Completion Time,Waiting Time
1,0.08543944081387853,0.07403234137741958,0.07403234137741958,1.4883846406836305,0.21962152863837772
2,0.13777115627152597,0.08237878605501214,0.18806468275483915,2.0091317730784155,0.26612152794295724
3,0.04106055849070099,0.11240027341250938,0.3844758101872709,1.601845472586841,0.18506096945225622
4,0.020523835543704103,0.13543252520927265,0.6192548696547925,1.4089128584923325,0.15909769309467361
5,0.019097693094673625,0.15036000893567605,0.8687197362414847,1.0381774382718343,0.08
