Process ID,Burst Time,Arrival Time,Time of First Service,Completion Time,Waiting Time
1,0.04876056618779769,0.0019383437580774636,0.0019383437580774636,0.14823285272635922,0.0573645052057558
2,0.017364505205755793,0.07629275005857333,0.04387668751615493,0.13753394278048406,0.02
3,0.0032839200865275014,0.0945310216707349,0.14823285272635922,0.24604779448362163,0.026125071393553485
4,0.06312996569054613,0.11135876052794516,0.24604779448362163,1.2592784423978254,0.1320444862743252
5,0.09556578644074327,0.14822188003729228,0.37740655501156684,1.5912879889131533,0.14641388577707362
