Process ID,Burst Time,Arrival Time,Time of First Service,Completion Time,Waiting Time
1,0.11109287347479431,0.04687145229705303,0.04687145229705303,3.538809438705268,0.3194536050614037
2,0.09255353222900112,0.08219842092604962,0.11374290459410606,3.490845112933421,0.30690007283240256
3,0.027148123584239858,0.08556621908734655,0.26281277781720874,1.5034178804251912,0.11999999999999998
4,0.020670775310121108,0.1470105868805851,0.45057741783060495,1.743297663541947,0.12714812358423985
5,0.06908117393804146,0.16229870077716357,0.6644594570082432,3.257023286555268,0.24781889889436107
