Process ID,Burst Time,Arrival Time,Time of First Service,Completion Time,Waiting Time
1,0.0006096079282560233,0.040623283917006495,0.040623283917006495,0.04123289184526252,0
2,0.03918768072631636,0.041189950349564575,0.04123289184526252,0.5825120190498146,0.07
3,0.16473055626111388,0.04496003401764226,0.1436127925443917,3.187533256666299,0.35113599294197256
4,0.011948312215656032,0.09690924767312412,0.24976277691159854,0.6813695789385948,0.059187680726316354
5,0.21277588790576724,0.11050232937156866,0.41163205860236496,4.023825450173045,0.3958665492030865
