Process ID,Burst Time,Arrival Time,Time of First Service,Completion Time,Waiting Time
1,0.18306062061035946,0.011521319549649672,0.011521319549649672,1.2528880118811205,0.32700826828810486
2,0.007304043807522348,0.05022761541629009,0.06304263909929934,0.12057429832311178,0.02
3,0.12416169829101498,0.07790952126860723,0.15209561787276143,1.2383060717211114,0.28284656999708985
4,0.0028401944995649878,0.08860811036321764,0.2500051391413687,0.3414534440041513,0.04
5,0.012702331690002554,0.12340355282640098,0.372974763553801,0.5090806480702045,0.042840194499564985
