Process ID,Burst Time,Arrival Time,Time of First Service,Completion Time,Waiting Time
1,0.09286261089150455,0.4611808659802094,0.4611808659802094,17.145805156607636,0.2833717079702651
2,0.11961706792887476,0.46416313243401475,0.9423617319604188,20.567200435415145,0.3347612344751886
3,0.09852691561341881,0.4988662551763841,1.887705730374643,19.619257102618242,0.3062343188617697
4,0.008443634109491558,0.7415789159385882,2.870735117985041,3.6207576680331206,0.03
5,0.0349280738607735,1.0752036040745947,4.091938534013329,12.790311784944304,0.15844363410949155
