Process ID,Burst Time,Arrival Time,Time of First Service,Completion Time,Waiting Time
1,0.07145409124553632,0.20130065901614533,0.20130065901614533,2.0317060512295564,0.14
2,0.042837265645637945,0.2080060994220726,0.44260131803229064,3.0149980641435423,0.15909422913454166
3,0.31292310437423015,0.2571779153869884,0.8919080764705086,7.715674860532588,0.42547595200055793
4,0.043544457220378245,0.401859209688305,1.3970920912795695,4.11943885612752,0.16193149478017957
5,0.007640137889005326,0.48763059457028174,2.0317060512295564,2.5269767836888435,0.07145409124553631
