Process ID,Burst Time,Arrival Time,Time of First Service,Completion Time,Waiting Time
1,0.0378190358974474,0.01981777925359268,0.01981777925359268,0.2927825420925363,0.07
2,0.02964880973215682,0.024326176728415742,0.05963555850718536,0.5002176424034573,0.0878190358974474
3,0.05201398680959527,0.037838710527851566,0.12377951448919378,1.4228773853985865,0.19746784562960426
4,0.18535473160198776,0.04920132519603506,0.2059444017454611,2.368044956557815,0.324854715929454
5,0.05537288349025437,0.11562140332249685,0.2927825420925363,1.603072997407373,0.18948183243919953
