Process ID,Burst Time,Arrival Time,Time of First Service,Completion Time,Waiting Time
1,0.18599890376901523,0.008682892350753802,0.008682892350753802,1.0334235655006043,0.34027640587495595
2,0.02742471637179544,0.016372798872812244,0.057365784701507605,0.21750486564455102,0.08
3,0.06288123763416258,0.05128587447486968,0.12242147592507366,0.9326930923285738,0.23739516824079332
4,0.0554261318542588,0.08899986315843128,0.21750486564455102,0.8498430878687877,0.18196903638653453
5,0.01454432001473911,0.09543064722869793,0.35518762115373614,0.46516258839717317,0.06742471637179544
