Process ID,Burst Time,Arrival Time,Time of First Service,Completion Time,Waiting Time
1,0.046164639576311034,0.16059844508715335,0.16059844508715335,0.7119323105221487,0.06
2,0.03904883085840078,0.16397233568437758,0.3611968901743067,1.4559983211770406,0.06616463957631104
3,0.09958089109154343,0.5410448441121136,0.7119323105221487,7.131320087055102,0.2105715116389942
4,0.0692898902029209,0.5927706627562375,1.4559983211770406,6.570694351851445,0.18128162143607332
5,0.016068151001361507,0.9751208061088334,2.068768983933278,3.0599579410434727,0.05904883085840078
