Process ID,Burst Time,Arrival Time,Time of First Service,Completion Time,Waiting Time
1,0.003535363439115171,0.012089766466160053,0.012089766466160053,0.015625129905275224,0
2,0.12464921833219565,0.09781935604334177,0.015625129905275224,8.945957688630134,0.3676172281202801
3,0.09037129033822705,0.1651314117076847,0.23126384199195876,7.955541213824578,0.327245937782053
4,0.05724593778205288,0.30574294078311864,0.5142146097429853,5.770993391945573,0.22000000000000006
5,0.11493878400752117,0.3800642721933388,1.0050889622337886,9.721025017024333,0.35226644645247573
