Process ID,Burst Time,Arrival Time,Time of First Service,Completion Time,Waiting Time
1,0.11761605282175068,0.0005071919932290326,0.0005071919932290326,3.8705289201997557,0.28954219507646833
2,0.13294234656199772,0.0779427563487692,0.04101438398645807,7.511436319656514,0.4178965489847116
3,0.009542195076468361,0.17643642013474337,0.1594643323284563,0.34544294753966803,0.04
4,0.09073830108649253,0.5379126517826203,0.44338570388843723,6.671360157013507,0.34715824789821903
5,0.2726639496227726,0.7291910597322405,1.0218055476642867,14.24681980686945,0.5308388955467094
