Process ID,Burst Time,Arrival Time,Time of First Service,Completion Time,Waiting Time
1,0.03414012955102799,0.05784689566376293,0.05784689566376293,1.6877211873266957,0.042687906228743314
2,0.000979262023049696,0.2270492980924811,0.13569379132752585,0.36372235144305665,0.01
3,0.03349533935782512,0.4271081112261001,0.4315692471068196,3.7575984276146235,0.048496042662743044
4,0.001708644205693616,0.7553481595732914,0.8686773583329197,1.6257341621119048,0.02
5,0.0016680068829717403,0.7633895603688318,1.6877211873266957,2.452778754578499,0.015848773756721606
