Process ID,Burst Time,Arrival Time,Time of First Service,Completion Time,Waiting Time
1,0.047513770947107986,0.07593610576967043,0.07593610576967043,0.47286342216631827,0.06
2,0.0843573481524687,0.177541333910199,0.19187221153934084,5.759195901199357,0.22148609243434964
3,0.018653265924101277,0.48068413031664764,0.47286342216631827,0.9722008184070673,0.027513770947107986
4,0.12153348225643625,0.7362900916927011,1.1697421523172662,8.765889750226597,0.24584344058681834
5,0.03531905556314041,0.8541415341788914,1.9260322440099673,4.623465793533791,0.11865326592410129
