Process ID,Burst Time,Arrival Time,Time of First Service,Completion Time,Waiting Time
1,0.009675140169141361,0.06723740528357991,0.06723740528357991,0.07691254545272128,0
2,0.04855818245733914,0.2686540210522682,0.07691254545272128,5.0162030687444075,0.1049297978641795
3,0.027882729281518037,0.4426516273264046,0.6342205875572577,4.1447801275049345,0.08
4,0.024144723240602104,0.4901251087176025,1.3655262359359306,5.510472900702612,0.09348798032151864
5,0.01704706858266146,0.5871636691472044,2.3183029719799375,4.7389908652348005,0.06788272928151805
