Process ID,Burst Time,Arrival Time,Time of First Service,Completion Time,Waiting Time
1,0.1721798573615982,0.17423498615533783,0.17423498615533783,4.82095840737059,0.31698010941272864
2,0.020427438056432413,0.19982648735049027,0.3884699723106757,1.29597923431077,0.08
3,0.07426246159243671,0.27319386308734345,0.8025314458165038,4.246073591542978,0.22271764782029188
4,0.05035684586397282,0.3106262036034843,1.29597923431077,3.76438228070786,0.1723608019563191
5,0.011933363899886695,0.49937652733741456,1.8208404240695921,2.3321503153068934,0.060427438056432414
