Process ID,Burst Time,Arrival Time,Time of First Service,Completion Time,Waiting Time
1,0.07892665595093039,0.031302389354295156,0.031302389354295156,3.6308425786860954,0.2289121405979098
2,0.09704308071092267,0.03416430785586689,0.0826047787085903,6.267746460724014,0.33783879654884025
3,0.12562889094367952,0.0588088484669651,0.16807147591875238,8.726578921571223,0.404881877259763
4,0.008912140597909726,0.4955864017971972,0.2810446322415844,0.7855431746366913,0.03
5,0.12430814482153194,0.5369920440089178,0.8268455639909865,9.267879110401672,0.3905107682034425
