Process ID,Burst Time,Arrival Time,Time of First Service,Completion Time,Waiting Time
1,0.018265288521943594,0.009540526271339264,0.009540526271339264,0.037346341064622125,0.01
2,0.0027151224293065915,0.05491232736448321,0.037346341064622125,0.09497379085841193,0.008265288521943593
3,0.06290027682656506,0.35144386836115704,0.09497379085841193,5.345551396404729,0.10675295145485153
4,0.016302063907321963,0.36695518718212894,0.456417659219569,2.2279479814529233,0.04
5,0.02773576511822298,0.6498740156006173,1.194816714762855,4.268319514494694,0.06630206390732196
