Process ID,Burst Time,Arrival Time,Time of First Service,Completion Time,Waiting Time
1,0.12938901662166205,0.12063890522045738,0.12063890522045738,7.860255012855356,0.25421367533536277
2,0.025147930865621594,0.6215195353182076,0.28127781044091477,2.333285410657302,0.08
3,0.02803620465800232,0.6231816934938934,1.0634362509795796,4.827541233955502,0.1251479308656216
4,0.021029539811738916,0.7844195330466133,2.333285410657302,5.612990306813854,0.11318413552362393
5,0.07718184148583097,0.8979794868792349,3.2783438489243726,8.775416341220422,0.18360269195702486
