Process ID,Burst Time,Arrival Time,Time of First Service,Completion Time,Waiting Time
1,0.11510317387511448,0.7264848703989082,0.7264848703989082,12.80523169756058,0.2773829722107175
2,0.1623869773937898,0.7436617489656154,1.4929697407978164,18.997487962858486,0.3953718645941085
3,0.10288571850827645,0.782891608189255,3.00311636016234,16.724115738567853,0.332486146085832
4,0.014641589710799928,0.9079357242570549,4.56966971731721,5.492247031285066,0.06
5,0.022741382499917587,0.9612893921970102,6.238731901683973,10.497090296131688,0.15464158971079991
