Process ID,Burst Time,Arrival Time,Time of First Service,Completion Time,Waiting Time
1,0.10474534023343121,0.19080259455799495,0.19080259455799495,12.660628770773533,0.2695417577221047
2,0.026489030667785067,0.462272522663255,0.4016051891159899,4.0217939075753515,0.07831711675944475
3,0.00831711675944476,0.5874369022601417,1.0746803063372399,1.6704343253568261,0.02
4,0.14459447543489978,0.588060596216368,2.142706848020081,16.841647419723007,0.30428709795553593
5,0.054735610294874774,0.6014623154498681,2.9415700387944432,11.068157048991377,0.19480614742722985
