TAT,Total_Throughput,CPU_Util (%),Avg_Proc_in_RQ
0.06397327364118677,16.65051077252855,6.092332678387547,2488.861884624706
