TAT,Total_Throughput,CPU_Util (%),Avg_Proc_in_RQ
0.05957785565751056,17.451174779903614,5.248692086040414,24.625230821903692
