Avg_TAT,Avg_Throughput,CPU_Util,Avg_Proc_in_RQ
0.06270950713393365,1.0007632837512164,0.05913865043128871,0.003717210805223699
