TAT,Total_Throughput,CPU_Util (%),Avg_Proc_in_RQ
0.14367409306085913,16.635623177303543,60.75415472346636,2516.7705591732297
