Avg_TAT,Avg_Throughput,CPU_Util,Avg_Proc_in_RQ
0.14934815393720816,9.947122799046932,0.5954998436790667,0.8766870872119882
