TAT,Total_Throughput,CPU_Util (%),Avg_Proc_in_RQ
0.10117182002294786,19.15010135617754,53.17663432221291,25.526618067115184
