TAT,Total_Throughput,CPU_Util (%),Avg_Proc_in_RQ
0.1698303183239168,16.64067411624253,64.74154852276993,2488.0770648329426
