Avg_TAT,Avg_Throughput,CPU_Util,Avg_Proc_in_RQ
0.1728927950844286,11.049002703295681,0.6565841878884926,1.2553376419522928
