TAT,Total_Throughput,CPU_Util (%),Avg_Proc_in_RQ
0.1225204016256855,17.495389221249994,59.680332089511786,23.307960646522606
