Avg_TAT,Avg_Throughput,CPU_Util,Avg_Proc_in_RQ
0.20210087957966577,11.925587599733891,0.715184367152947,1.7958588645821716
