TAT,Total_Throughput,CPU_Util (%),Avg_Proc_in_RQ
0.22890588450661903,16.65478218068902,73.23185195045843,2489.823820501895
