TAT,Total_Throughput,CPU_Util (%),Avg_Proc_in_RQ
0.18980276627190573,18.11094575818375,64.20192316440836,26.563679126078352
