TAT,Total_Throughput,CPU_Util (%),Avg_Proc_in_RQ
0.22912103583426544,16.048547516554237,79.50376845384088,26.066260273756257
