TAT,Total_Throughput,CPU_Util (%),Avg_Proc_in_RQ
0.23973935958813403,16.870443016126195,76.52399564827664,2525.5370658725947
