Avg_TAT,Avg_Throughput,CPU_Util,Avg_Proc_in_RQ
0.23503251439794562,12.81267171740527,0.7565897366525802,2.351700465444193
