TAT,Total_Throughput,CPU_Util (%),Avg_Proc_in_RQ
0.37703876352749804,16.51603146310645,83.92555881446803,2504.074597308991
