Avg_TAT,Avg_Throughput,CPU_Util,Avg_Proc_in_RQ
0.3135769512720203,13.894286040928046,0.8242005924850441,3.8641007171477892
