TAT,Total_Throughput,CPU_Util (%),Avg_Proc_in_RQ
0.3059458174994047,15.684793458509926,84.4705491392462,25.54294440585338
