Avg_TAT,Avg_Throughput,CPU_Util,Avg_Proc_in_RQ
0.7645597804122953,15.036724387455516,0.9004532985024857,8.14508296695549
