TAT,Total_Throughput,CPU_Util (%),Avg_Proc_in_RQ
0.7187520240877645,16.70648902684662,89.60382193496793,2516.374471411974
