TAT,Total_Throughput,CPU_Util (%),Avg_Proc_in_RQ
0.7913690323469362,15.596559374379757,85.78991642001539,28.953507438818093
