TAT,Total_Throughput,CPU_Util (%),Avg_Proc_in_RQ
0.3383214001206729,16.454742824805273,88.75343457767238,25.403925015491144
