TAT,Total_Throughput,CPU_Util (%),Avg_Proc_in_RQ
1.0659686534396215,16.861913636262145,95.03728094606217,2476.079359770483
