Avg_TAT,Avg_Throughput,CPU_Util,Avg_Proc_in_RQ
1.1204679326608384,15.85503071832596,0.9554266129261645,20.479485015923284
