TAT,Total_Throughput,CPU_Util (%),Avg_Proc_in_RQ
2.659451265589472,16.733275827984073,98.75967000627888,2493.678342634998
