TAT,Total_Throughput,CPU_Util (%),Avg_Proc_in_RQ
0.6431767195961569,15.612582275921449,93.84820251252543,26.72348826700992
