Avg_TAT,Avg_Throughput,CPU_Util,Avg_Proc_in_RQ
9.234906828037769,16.628232292703363,0.9911068197793974,110.45460722111305
