Avg_TAT,Avg_Throughput,CPU_Util,Avg_Proc_in_RQ
31.018673191804556,16.54775190895906,0.9997307956826572,3712.6509474349696
