TAT,Total_Throughput,CPU_Util (%),Avg_Proc_in_RQ
0.5746850802177678,15.89681836311483,95.1337196121073,27.061708359544486
