TAT,Total_Throughput,CPU_Util (%),Avg_Proc_in_RQ
21.809864799697554,16.93492663691584,99.95503959902878,2611.0790046336297
