TAT,Total_Throughput,CPU_Util (%),Avg_Proc_in_RQ
35.290770929141395,16.980058077867568,99.92361433102887,2654.204612419696
