TAT,Total_Throughput,CPU_Util (%),Avg_Proc_in_RQ
0.34466986929728377,19.782199397532406,94.13114549761433,27.874777632960303
