Avg_TAT,Avg_Throughput,CPU_Util,Avg_Proc_in_RQ
38.19051805316779,16.686342693308024,0.9995660728798689,2302.53489053774
