Avg_TAT,Avg_Throughput,CPU_Util,Avg_Proc_in_RQ
0.06984023439512962,2.031609312737394,0.12275437885734442,0.017177216010522578
