TAT,Total_Throughput,CPU_Util (%),Avg_Proc_in_RQ
0.0682438924165454,16.683060641490524,12.061914614804273,2518.5158871058447
