TAT,Total_Throughput,CPU_Util (%),Avg_Proc_in_RQ
0.06644714662064204,18.33191667486464,12.353851127755089,25.268673818007926
