Avg_TAT,Avg_Throughput,CPU_Util,Avg_Proc_in_RQ
51.01514626137287,16.624724744104565,0.9997666836933539,4284.0272769239755
