TAT,Total_Throughput,CPU_Util (%),Avg_Proc_in_RQ
0.6867666967552937,16.85546669313218,98.5978246061609,29.07861103129934
