TAT,Total_Throughput,CPU_Util (%),Avg_Proc_in_RQ
54.0555599357542,16.5473528184042,99.84511567072957,2763.6753717843076
