TAT,Total_Throughput,CPU_Util (%),Avg_Proc_in_RQ
66.20583195578676,16.37249537705226,99.98387857941765,2804.6549557905228
