TAT,Total_Throughput,CPU_Util (%),Avg_Proc_in_RQ
0.25818422196646074,19.472534413589916,90.81987441059431,27.287936877048658
