Avg_TAT,Avg_Throughput,CPU_Util,Avg_Proc_in_RQ
59.994135760762894,16.67872773077395,0.9994824293625889,1930.103940210762
