TAT,Total_Throughput,CPU_Util (%),Avg_Proc_in_RQ
75.96502946805995,16.561431284597884,99.98350192322667,2859.0437946437346
