TAT,Total_Throughput,CPU_Util (%),Avg_Proc_in_RQ
0.8086305742217348,16.93067809487416,99.37022806904781,28.56555389482354
