Avg_TAT,Avg_Throughput,CPU_Util,Avg_Proc_in_RQ
68.84265152422684,16.755082128782217,0.9993659069092182,1575.056139881839
