Avg_TAT,Avg_Throughput,CPU_Util,Avg_Proc_in_RQ
81.89651342973606,16.65662942508566,0.9997899861305016,4759.590491591707
