TAT,Total_Throughput,CPU_Util (%),Avg_Proc_in_RQ
0.25121974404360375,18.6151276269306,89.93361365445314,25.362520630679988
