TAT,Total_Throughput,CPU_Util (%),Avg_Proc_in_RQ
81.48405317117647,16.77203532236703,99.96456829146688,2904.9936703816966
