TAT,Total_Throughput,CPU_Util (%),Avg_Proc_in_RQ
88.37210672700539,16.704357712976737,99.99376586063481,2917.1708873430343
