TAT,Total_Throughput,CPU_Util (%),Avg_Proc_in_RQ
1.7159063624395408,15.86971669266034,96.0871371777887,34.44652801454925
