Avg_TAT,Avg_Throughput,CPU_Util,Avg_Proc_in_RQ
93.48526728336394,16.719073911298853,0.9998708348485453,7740.026432219157
