TAT,Total_Throughput,CPU_Util (%),Avg_Proc_in_RQ
0.9023395633255576,16.645595577924404,98.30907555448277,28.126977188270846
