Avg_TAT,Avg_Throughput,CPU_Util,Avg_Proc_in_RQ
104.13155551928831,16.354236612835255,0.999983090314289,59135.704708229896
