TAT,Total_Throughput,CPU_Util (%),Avg_Proc_in_RQ
99.96477624818142,16.56830865418527,99.99204317512758,2997.6123605426114
