TAT,Total_Throughput,CPU_Util (%),Avg_Proc_in_RQ
0.9287153740379328,17.003520752925713,98.43492257569191,30.389061355198564
