TAT,Total_Throughput,CPU_Util (%),Avg_Proc_in_RQ
110.47925243408895,16.59346279033192,99.96774313770709,3064.3960997955223
