Avg_TAT,Avg_Throughput,CPU_Util,Avg_Proc_in_RQ
110.76673260151316,16.435881104467214,0.9999600787294026,25047.302956290005
