TAT,Total_Throughput,CPU_Util (%),Avg_Proc_in_RQ
0.9985326575778872,16.376218391764805,97.68986378522318,26.87354014559899
