Avg_TAT,Avg_Throughput,CPU_Util,Avg_Proc_in_RQ
116.79540121213574,16.549053372023714,0.999949610379653,19843.35695353867
