TAT,Total_Throughput,CPU_Util (%),Avg_Proc_in_RQ
113.5205307260191,16.79659146532284,99.99507630752092,3097.742288043737
