Avg_TAT,Avg_Throughput,CPU_Util,Avg_Proc_in_RQ
119.92701234264476,16.785753102332897,0.9999779201393607,45288.1409489904
