TAT,Total_Throughput,CPU_Util (%),Avg_Proc_in_RQ
118.00187899985323,16.7717185985122,99.96576257844217,3119.0058164102275
