TAT,Total_Throughput,CPU_Util (%),Avg_Proc_in_RQ
0.9292858068751554,17.192419515664977,98.06158078991376,29.211398965354135
