TAT,Total_Throughput,CPU_Util (%),Avg_Proc_in_RQ
1.2813104373043438,16.815956385636238,95.45893014850331,29.753091489654565
