Avg_TAT,Avg_Throughput,CPU_Util,Avg_Proc_in_RQ
129.3354459974879,16.49650027139937,0.99940295877068,1672.926801281602
