TAT,Total_Throughput,CPU_Util (%),Avg_Proc_in_RQ
126.88481543228534,16.6838326066157,99.99640128921257,3182.2553227734925
