TAT,Total_Throughput,CPU_Util (%),Avg_Proc_in_RQ
0.0679446012448855,18.689968187788345,15.187656051607496,23.582556114827018
