TAT,Total_Throughput,CPU_Util (%),Avg_Proc_in_RQ
0.07307579194337342,16.621669150623962,18.17890690163416,2518.1161203022666
