Avg_TAT,Avg_Throughput,CPU_Util,Avg_Proc_in_RQ
0.0735986594148947,3.0251296185382994,0.18264969289486013,0.040815926812021536
