Avg_TAT,Avg_Throughput,CPU_Util,Avg_Proc_in_RQ
131.30703600216205,16.8161535210854,0.9998715798990804,7784.943082357534
