TAT,Total_Throughput,CPU_Util (%),Avg_Proc_in_RQ
2.416936136793738,12.964985591815841,99.52583177569137,35.445742169012526
