TAT,Total_Throughput,CPU_Util (%),Avg_Proc_in_RQ
130.82822116734656,16.853515519379734,99.99151797029788,3213.6183012130055
