TAT,Total_Throughput,CPU_Util (%),Avg_Proc_in_RQ
0.07985638761100107,16.66164764698164,24.120854288643777,2513.0056826853674
