Avg_TAT,Avg_Throughput,CPU_Util,Avg_Proc_in_RQ
0.0776812080416231,3.9396973769858126,0.23553493482402582,0.07256931421684754
