TAT,Total_Throughput,CPU_Util (%),Avg_Proc_in_RQ
0.0738651691458598,16.904038032639683,21.769951599321182,26.487903035507916
