TAT,Total_Throughput,CPU_Util (%),Avg_Proc_in_RQ
0.09240688095134715,16.353267623802942,31.489929819142066,25.25031058421889
