TAT,Total_Throughput,CPU_Util (%),Avg_Proc_in_RQ
0.08276357845598793,16.952436632490667,29.436256078587732,2515.056241517479
