Avg_TAT,Avg_Throughput,CPU_Util,Avg_Proc_in_RQ
0.08593729925139461,5.112179962459066,0.3063627019586204,0.1353129444111687
