Avg_TAT,Avg_Throughput,CPU_Util,Avg_Proc_in_RQ
0.09064164544778458,5.887446537366766,0.3481230570502979,0.1859088040476925
