TAT,Total_Throughput,CPU_Util (%),Avg_Proc_in_RQ
0.09280286294532868,16.84288002342385,35.75064916947399,2490.334038115341
