TAT,Total_Throughput,CPU_Util (%),Avg_Proc_in_RQ
0.07866127949849266,18.33787724232519,35.33187064246042,25.49950158716363
