TAT,Total_Throughput,CPU_Util (%),Avg_Proc_in_RQ
0.10196390222973822,16.661171087694033,41.604021439290904,2486.453613536523
