Avg_TAT,Avg_Throughput,CPU_Util,Avg_Proc_in_RQ
0.10616639183780097,7.112469775598608,0.4307533214366912,0.3259543374008561
