TAT,Total_Throughput,CPU_Util (%),Avg_Proc_in_RQ
0.0963424118863412,18.375197723984883,38.377572370619475,25.237498273075225
