TAT,Total_Throughput,CPU_Util (%),Avg_Proc_in_RQ
0.11636556333633007,16.522534215658137,48.37382643605034,2473.0801295667206
