Avg_TAT,Avg_Throughput,CPU_Util,Avg_Proc_in_RQ
0.11343321274960137,7.941836369822719,0.4736679138333959,0.42627325692673523
