TAT,Total_Throughput,CPU_Util (%),Avg_Proc_in_RQ
0.0862202986917254,17.0253807826736,45.00413094710292,25.316759199740545
