Avg_TAT,Avg_Throughput,CPU_Util,Avg_Proc_in_RQ
0.13072022676007372,8.891596962849047,0.5255770985036378,0.5822469480293851
