TAT,Total_Throughput,CPU_Util (%),Avg_Proc_in_RQ
0.11089452506169976,16.74141579391999,57.335954108772526,23.868027866234
