TAT,Total_Throughput,CPU_Util (%),Avg_Proc_in_RQ
0.12743825686620977,16.60068649077098,54.08115056106121,2493.597925032876
