Avg_TAT,Avg_Throughput,CPU_Util,Avg_Proc_in_RQ
0.06183636345118264,0.9869576393747637,0.05914127622663756,0.0037175512809062145
