TAT,Total_Throughput,CPU_Util (%),Avg_Proc_in_RQ
0.06190200306833933,16.670486487268953,5.989695028071112,2493.2155172104667
