TAT,Total_Throughput,CPU_Util (%),Avg_Proc_in_RQ
0.06305772656135511,16.734299844090927,7.063044367990284,26.44297192935012
