TAT,Total_Throughput,CPU_Util (%),Avg_Proc_in_RQ
0.06446840524263545,18.309027131645692,47.235839776606525,24.383765579923924
