TAT,Total_Throughput,CPU_Util (%),Avg_Proc_in_RQ
0.1035981477086261,16.22767330524851,62.42288461952003,2503.785408126526
