Avg_TAT,Avg_Throughput,CPU_Util,Avg_Proc_in_RQ
0.09055260355565847,9.853500739563456,0.5808090108390855,0.8047384504784356
