TAT,Total_Throughput,CPU_Util (%),Avg_Proc_in_RQ
0.10550698327693192,18.095850233805056,59.98178977190305,25.496286169516825
