TAT,Total_Throughput,CPU_Util (%),Avg_Proc_in_RQ
0.10528582127440379,16.596945811684204,66.34608819775825,2506.018670462816
