Avg_TAT,Avg_Throughput,CPU_Util,Avg_Proc_in_RQ
0.10277101263166341,10.822494899422018,0.6451609435668719,1.1730181206322154
