TAT,Total_Throughput,CPU_Util (%),Avg_Proc_in_RQ
0.11599602684589468,16.820766650251624,71.43780116733589,2518.154509604815
