TAT,Total_Throughput,CPU_Util (%),Avg_Proc_in_RQ
0.14743383082642725,16.82566925163755,87.46830745146566,26.253958354875266
