Avg_TAT,Avg_Throughput,CPU_Util,Avg_Proc_in_RQ
0.12040778102396957,12.247573309681021,0.7379227475392658,2.077746069996988
