TAT,Total_Throughput,CPU_Util (%),Avg_Proc_in_RQ
0.12564483101777832,16.737487105210217,77.34878147900136,2500.762443532787
