Avg_TAT,Avg_Throughput,CPU_Util,Avg_Proc_in_RQ
0.13077682528599752,12.988916728663114,0.7727190233622554,2.6271212747277426
