TAT,Total_Throughput,CPU_Util (%),Avg_Proc_in_RQ
0.07854905445053456,18.73007945297333,69.72346547693556,26.165258738453616
