Avg_TAT,Avg_Throughput,CPU_Util,Avg_Proc_in_RQ
0.15085592391910968,14.024519773408006,0.8271864792706589,3.959397786703475
