TAT,Total_Throughput,CPU_Util (%),Avg_Proc_in_RQ
0.1653600572047561,16.563986599225434,84.85078422536071,2487.08518369899
