TAT,Total_Throughput,CPU_Util (%),Avg_Proc_in_RQ
0.20869161573293596,14.315272244918287,90.72125426802567,25.558808646402756
