TAT,Total_Throughput,CPU_Util (%),Avg_Proc_in_RQ
0.19789428353094368,16.779554500628365,89.55116930102388,2522.8775885035043
