TAT,Total_Throughput,CPU_Util (%),Avg_Proc_in_RQ
0.1386221937000982,17.107772471368115,87.58057134564957,23.46079975553505
