Avg_TAT,Avg_Throughput,CPU_Util,Avg_Proc_in_RQ
0.17775200366356095,14.811860506115833,0.8790780365121631,6.390718211880598
