Avg_TAT,Avg_Throughput,CPU_Util,Avg_Proc_in_RQ
0.4230533125684925,16.067673641009947,0.974617882017078,37.42319756714425
