TAT,Total_Throughput,CPU_Util (%),Avg_Proc_in_RQ
0.17256592158564676,18.46368709602815,92.45944777103642,22.675591421498158
