TAT,Total_Throughput,CPU_Util (%),Avg_Proc_in_RQ
0.4469739923731341,16.80640120887451,95.83506919180839,2491.937742492714
