TAT,Total_Throughput,CPU_Util (%),Avg_Proc_in_RQ
3.109363139764055,16.618795005009797,99.97786372342493,2442.5628140573826
