Avg_TAT,Avg_Throughput,CPU_Util,Avg_Proc_in_RQ
0.6864534592005315,16.493289911150363,0.9912289123094185,112.01971651168932
