TAT,Total_Throughput,CPU_Util (%),Avg_Proc_in_RQ
0.2821823352027301,15.420797438506922,94.32597834192326,22.2136529203748
