TAT,Total_Throughput,CPU_Util (%),Avg_Proc_in_RQ
0.15319913354073872,17.692934299318786,94.93910495957249,25.889891125329566
