Avg_TAT,Avg_Throughput,CPU_Util,Avg_Proc_in_RQ
5.419195497725436,16.683529436045905,0.9999205193599998,12579.68034775323
