TAT,Total_Throughput,CPU_Util (%),Avg_Proc_in_RQ
4.110255578182279,16.7503057425819,99.94760500020648,2380.1872262600987
