TAT,Total_Throughput,CPU_Util (%),Avg_Proc_in_RQ
0.11631736641326686,19.749921624842838,90.55100066327056,24.0310914951948
