TAT,Total_Throughput,CPU_Util (%),Avg_Proc_in_RQ
8.114880337241884,16.56762488766746,99.99636841990308,2304.7578603838087
