Avg_TAT,Avg_Throughput,CPU_Util,Avg_Proc_in_RQ
6.642879491645941,16.81107558072279,0.999360266508346,1561.151565933255
