Avg_TAT,Avg_Throughput,CPU_Util,Avg_Proc_in_RQ
0.06469931612032058,2.029557339209701,0.12331124050460929,0.017344424540743225
