TAT,Total_Throughput,CPU_Util (%),Avg_Proc_in_RQ
0.05245896378468523,19.330849505972054,10.078981663002796,25.005379480873188
