TAT,Total_Throughput,CPU_Util (%),Avg_Proc_in_RQ
0.06368747680640606,16.707859373269432,11.9988207536649,2470.012571432724
