TAT,Total_Throughput,CPU_Util (%),Avg_Proc_in_RQ
0.23866854355955008,17.266640273240636,96.22329434399364,22.846839179300602
