TAT,Total_Throughput,CPU_Util (%),Avg_Proc_in_RQ
12.241533118433463,16.671689270916435,99.90390300312568,2227.36636100108
