Avg_TAT,Avg_Throughput,CPU_Util,Avg_Proc_in_RQ
13.879617783048586,16.306938957550525,0.9999844849807453,64451.674457374625
