Avg_TAT,Avg_Throughput,CPU_Util,Avg_Proc_in_RQ
15.641637847382672,16.65437399219498,0.9999726181450483,36518.53531490986
