TAT,Total_Throughput,CPU_Util (%),Avg_Proc_in_RQ
14.430025127489653,16.56404825390214,99.96720526336779,2193.7856129048423
