TAT,Total_Throughput,CPU_Util (%),Avg_Proc_in_RQ
0.2652709969335865,18.268250204585463,96.98382102957362,23.804309281209534
