TAT,Total_Throughput,CPU_Util (%),Avg_Proc_in_RQ
19.558882338405056,16.567506489102467,99.99601425124098,2136.9578521191133
