Avg_TAT,Avg_Throughput,CPU_Util,Avg_Proc_in_RQ
20.009883946360592,16.80702672034206,0.9999821277983202,55950.81534053455
