TAT,Total_Throughput,CPU_Util (%),Avg_Proc_in_RQ
0.22479693859587424,16.796858102248052,99.50456862884795,20.920725851287603
