Avg_TAT,Avg_Throughput,CPU_Util,Avg_Proc_in_RQ
22.021935117073983,16.56294162386429,0.9993317898883928,1494.535938523112
