TAT,Total_Throughput,CPU_Util (%),Avg_Proc_in_RQ
0.2840003886511373,19.626754055763406,95.46235523585386,23.27730632657074
