TAT,Total_Throughput,CPU_Util (%),Avg_Proc_in_RQ
23.105991839409054,16.75869472840746,99.98358081531438,2130.4659130612517
