Avg_TAT,Avg_Throughput,CPU_Util,Avg_Proc_in_RQ
26.315989468185986,16.598394788732982,0.9999120099212935,11362.917754848133
