TAT,Total_Throughput,CPU_Util (%),Avg_Proc_in_RQ
0.2860595065299884,16.489595487770504,99.4068281744485,22.922180990730038
