TAT,Total_Throughput,CPU_Util (%),Avg_Proc_in_RQ
27.235274964292923,16.61185351615634,99.93633817206968,2068.420741666428
