TAT,Total_Throughput,CPU_Util (%),Avg_Proc_in_RQ
31.143999776079102,16.574345984354792,99.996421817066,2068.7110510480634
