Avg_TAT,Avg_Throughput,CPU_Util,Avg_Proc_in_RQ
28.232381454779603,16.90148567150554,0.9997194560560049,3562.5042429512464
