TAT,Total_Throughput,CPU_Util (%),Avg_Proc_in_RQ
0.5283809087671861,14.385176869938803,99.24993173651431,21.189111318505894
