TAT,Total_Throughput,CPU_Util (%),Avg_Proc_in_RQ
0.404121100385883,16.862502651517207,97.94579579361096,19.764780148272074
