TAT,Total_Throughput,CPU_Util (%),Avg_Proc_in_RQ
31.44444069147291,16.664564657098886,99.95332461408033,2030.1471915626
