Avg_TAT,Avg_Throughput,CPU_Util,Avg_Proc_in_RQ
29.649748441010807,16.881382795724285,0.9996115606853876,2572.40509564001
