Avg_TAT,Avg_Throughput,CPU_Util,Avg_Proc_in_RQ
35.12981017872009,16.598251922187515,0.9990988778152966,1107.7283243008185
