TAT,Total_Throughput,CPU_Util (%),Avg_Proc_in_RQ
34.79385109464678,16.731593922264715,99.9850766422354,2024.3551705051184
