TAT,Total_Throughput,CPU_Util (%),Avg_Proc_in_RQ
0.4493736291916802,17.933874609021938,97.43323215846111,18.079356738760406
