Avg_TAT,Avg_Throughput,CPU_Util,Avg_Proc_in_RQ
36.76789592144562,16.92483039696344,0.9999370335281328,15879.467935406687
