TAT,Total_Throughput,CPU_Util (%),Avg_Proc_in_RQ
0.26236497222272115,19.436708818327574,99.25727461232009,22.099458579035442
