TAT,Total_Throughput,CPU_Util (%),Avg_Proc_in_RQ
37.50924747717284,16.590955824217726,99.96553282037652,2019.9184978000922
