TAT,Total_Throughput,CPU_Util (%),Avg_Proc_in_RQ
39.92598740563063,16.813079590300944,99.98261012938427,2004.7409045626762
