TAT,Total_Throughput,CPU_Util (%),Avg_Proc_in_RQ
0.8172886806549826,13.934536705870466,99.68266939572854,21.669768077432526
