Avg_TAT,Avg_Throughput,CPU_Util,Avg_Proc_in_RQ
40.767507002527196,16.5549933593723,0.9999931889034837,146817.2379371654
