TAT,Total_Throughput,CPU_Util (%),Avg_Proc_in_RQ
0.05891713679802958,19.130387628329483,15.94585170824709,25.0962044810083
