TAT,Total_Throughput,CPU_Util (%),Avg_Proc_in_RQ
0.06596835812602576,16.762647837077076,17.947556685552485,2517.365583471269
