Avg_TAT,Avg_Throughput,CPU_Util,Avg_Proc_in_RQ
0.06659958006547534,2.965962829800542,0.17872928879910036,0.03889601594086073
