TAT,Total_Throughput,CPU_Util (%),Avg_Proc_in_RQ
42.12612312120449,16.519924017402843,99.9828757571149,1974.1668760840048
