TAT,Total_Throughput,CPU_Util (%),Avg_Proc_in_RQ
0.4703250732812232,17.54224868092815,99.47599736567612,20.495086565796772
