Avg_TAT,Avg_Throughput,CPU_Util,Avg_Proc_in_RQ
43.62426488103515,16.80897018017672,0.9999675796907209,30842.863090074137
