TAT,Total_Throughput,CPU_Util (%),Avg_Proc_in_RQ
0.06945628603330044,16.563119837501418,24.381444021097813,2473.7939861269947
