Avg_TAT,Avg_Throughput,CPU_Util,Avg_Proc_in_RQ
0.07007343862351922,3.958011423166347,0.24167061373294246,0.07701756861824816
