TAT,Total_Throughput,CPU_Util (%),Avg_Proc_in_RQ
0.06192436004005831,19.09089156416664,20.874174587778203,24.40075373406985
