TAT,Total_Throughput,CPU_Util (%),Avg_Proc_in_RQ
0.07302614588979478,16.067379431426676,29.49580061249003,26.259130333091296
