Avg_TAT,Avg_Throughput,CPU_Util,Avg_Proc_in_RQ
0.07255507721753478,5.106453570362794,0.3094146465063704,0.13863228200298822
