TAT,Total_Throughput,CPU_Util (%),Avg_Proc_in_RQ
0.07110071203510081,16.82407632765449,30.379975902047025,2497.8886009487223
