TAT,Total_Throughput,CPU_Util (%),Avg_Proc_in_RQ
0.07510331483643053,16.700738047766766,35.90248769083581,2500.1192053301734
