TAT,Total_Throughput,CPU_Util (%),Avg_Proc_in_RQ
0.07154289457420647,17.783757315857347,32.28925177766831,27.917640814965186
