Avg_TAT,Avg_Throughput,CPU_Util,Avg_Proc_in_RQ
0.07539766703494237,6.045175981390059,0.36292341862333644,0.20674658531730838
