Avg_TAT,Avg_Throughput,CPU_Util,Avg_Proc_in_RQ
0.08092424053439834,7.038291745488654,0.4233046403747662,0.31071312708195703
