TAT,Total_Throughput,CPU_Util (%),Avg_Proc_in_RQ
0.07097041085860371,16.040686782116506,38.2829560146219,22.92909602908549
