TAT,Total_Throughput,CPU_Util (%),Avg_Proc_in_RQ
0.07860173640545776,16.716456228094952,41.433127019892524,2492.5444966048617
