Avg_TAT,Avg_Throughput,CPU_Util,Avg_Proc_in_RQ
0.08566349261476262,7.913856259929018,0.47821339221131487,0.43827887699039547
