TAT,Total_Throughput,CPU_Util (%),Avg_Proc_in_RQ
0.08351347254938468,16.702982382091445,47.93077957679962,2506.8343209383
