TAT,Total_Throughput,CPU_Util (%),Avg_Proc_in_RQ
0.08297718658934987,16.72603530939504,44.11893509136341,24.92781603304626
