TAT,Total_Throughput,CPU_Util (%),Avg_Proc_in_RQ
0.0898735412016402,16.686394044729376,53.87498016842574,2506.8924968509923
