TAT,Total_Throughput,CPU_Util (%),Avg_Proc_in_RQ
0.10712662354406198,15.761187282863238,58.050571537265895,25.623443419544238
