Avg_TAT,Avg_Throughput,CPU_Util,Avg_Proc_in_RQ
0.08698992736147376,8.983288819519743,0.5349314807713739,0.6152893117660874
