TAT,Total_Throughput,CPU_Util (%),Avg_Proc_in_RQ
0.0594750658424554,17.268157308644824,5.231414746494992,25.138545111108474
