TAT,Total_Throughput,CPU_Util (%),Avg_Proc_in_RQ
0.06321994219054058,16.718059732811373,5.866862447252995,2410.4736603878055
