Avg_TAT,Avg_Throughput,CPU_Util,Avg_Proc_in_RQ
0.06318076090408879,1.0168963371140198,0.06055209962679399,0.00390288462804228
