TAT,Total_Throughput,CPU_Util (%),Avg_Proc_in_RQ
0.12427684149428728,16.851332886699268,58.932421736485786,1500.547220758887
