Avg_TAT,Avg_Throughput,CPU_Util,Avg_Proc_in_RQ
0.12903668385200184,10.02089798930682,0.6069422854036866,0.9372133509436154
