TAT,Total_Throughput,CPU_Util (%),Avg_Proc_in_RQ
0.10489098526125624,17.08084440965407,61.02056652693692,13.307915145965575
