TAT,Total_Throughput,CPU_Util (%),Avg_Proc_in_RQ
0.14303190413153966,16.761941712154655,66.49122221054773,1238.4040734903733
