TAT,Total_Throughput,CPU_Util (%),Avg_Proc_in_RQ
0.1637377112297788,16.10720275454757,70.61606143400884,12.141552399753401
