Avg_TAT,Avg_Throughput,CPU_Util,Avg_Proc_in_RQ
0.13877272410096847,10.878704900890137,0.649247123354823,1.2017629939808763
