TAT,Total_Throughput,CPU_Util (%),Avg_Proc_in_RQ
0.10699375312257747,19.041757692839607,58.12225904560854,12.643457217459162
