TAT,Total_Throughput,CPU_Util (%),Avg_Proc_in_RQ
0.1724372136037566,16.537503537439814,72.77903546413552,968.8759872412043
