Avg_TAT,Avg_Throughput,CPU_Util,Avg_Proc_in_RQ
0.1611002164463218,11.86214659212083,0.7184157009068364,1.8329186711461483
