TAT,Total_Throughput,CPU_Util (%),Avg_Proc_in_RQ
0.13250973471971808,16.716278888632026,73.10197408343225,8.67302667489535
