TAT,Total_Throughput,CPU_Util (%),Avg_Proc_in_RQ
0.18930676307331995,16.45209878698308,78.47589501225474,898.6487518958952
