Avg_TAT,Avg_Throughput,CPU_Util,Avg_Proc_in_RQ
0.20845652600075956,13.007823961370427,0.7904907639136611,2.982568499153383
