TAT,Total_Throughput,CPU_Util (%),Avg_Proc_in_RQ
0.2298938631110266,16.60193709035525,83.24869213135668,730.9170222102844
