Avg_TAT,Avg_Throughput,CPU_Util,Avg_Proc_in_RQ
0.25468901840215846,13.871938438497828,0.8304953819948683,4.069048900448959
