TAT,Total_Throughput,CPU_Util (%),Avg_Proc_in_RQ
0.18988075050042535,16.6371021862078,83.10658373823621,9.70389505450778
