TAT,Total_Throughput,CPU_Util (%),Avg_Proc_in_RQ
0.45606849441287967,16.558877611403602,91.0339638923948,441.6210150579775
