Avg_TAT,Avg_Throughput,CPU_Util,Avg_Proc_in_RQ
0.39819399997168287,14.939155493849086,0.9049849405432865,8.61966247553895
