TAT,Total_Throughput,CPU_Util (%),Avg_Proc_in_RQ
0.2452314324328867,16.146457078241323,91.44764361283379,3.2687614518028383
