TAT,Total_Throughput,CPU_Util (%),Avg_Proc_in_RQ
0.13591412666748653,18.580070010281272,85.5991405329415,11.985780549487353
