Avg_TAT,Avg_Throughput,CPU_Util,Avg_Proc_in_RQ
1.1300372075116185,16.130003223912603,0.9667233341497525,28.084364250773163
