TAT,Total_Throughput,CPU_Util (%),Avg_Proc_in_RQ
0.9006645918477989,16.586561635182854,96.95024903611765,223.99308811480907
