TAT,Total_Throughput,CPU_Util (%),Avg_Proc_in_RQ
4.10641245815924,16.557014228926317,99.35046344992239,50.039657980459886
