TAT,Total_Throughput,CPU_Util (%),Avg_Proc_in_RQ
0.3063487815020122,17.340457784043554,93.83380111857353,5.755837149047173
