Avg_TAT,Avg_Throughput,CPU_Util,Avg_Proc_in_RQ
2.8968369778239937,16.627787957926724,0.995665721151121,228.7232231335946
