TAT,Total_Throughput,CPU_Util (%),Avg_Proc_in_RQ
20.76109741232589,16.723755158858786,99.92932328637455,6.971715318105288
