Avg_TAT,Avg_Throughput,CPU_Util,Avg_Proc_in_RQ
30.384810069965614,16.533492751215398,0.9992126222551503,1268.0392238728825
