TAT,Total_Throughput,CPU_Util (%),Avg_Proc_in_RQ
0.4215502634542556,17.49512024717555,90.52380952404734,5.717143882257881
