TAT,Total_Throughput,CPU_Util (%),Avg_Proc_in_RQ
40.46879330257873,16.546815060279386,99.93678254278966,10.935841852379028
