Avg_TAT,Avg_Throughput,CPU_Util,Avg_Proc_in_RQ
21.120721216960952,17.054343306675975,0.9972409668391705,360.44856584592037
