TAT,Total_Throughput,CPU_Util (%),Avg_Proc_in_RQ
0.525437309758074,16.0517608088121,95.16504455178345,8.44424374571208
