TAT,Total_Throughput,CPU_Util (%),Avg_Proc_in_RQ
0.0719210544155284,14.977848159609206,13.397311705089102,22.106235394291826
