Avg_TAT,Avg_Throughput,CPU_Util,Avg_Proc_in_RQ
0.0681826626652443,1.9947450208244037,0.12090239248064069,0.016627719587123307
