TAT,Total_Throughput,CPU_Util (%),Avg_Proc_in_RQ
0.0678413768862454,16.598098775005674,11.955580087630318,2360.9365567041255
