TAT,Total_Throughput,CPU_Util (%),Avg_Proc_in_RQ
50.50265354708131,16.690186449127573,99.98946008312177,3.988584845642382
