Avg_TAT,Avg_Throughput,CPU_Util,Avg_Proc_in_RQ
50.926938158832485,16.57751392170466,0.9994592514326418,1847.2888428617985
