TAT,Total_Throughput,CPU_Util (%),Avg_Proc_in_RQ
0.40870030326930773,17.05577738186733,95.87682409943574,4.615237079255224
