TAT,Total_Throughput,CPU_Util (%),Avg_Proc_in_RQ
0.8300621479380312,16.78718543921785,97.70825302879103,2.760604847039531
