Avg_TAT,Avg_Throughput,CPU_Util,Avg_Proc_in_RQ
61.27118356001214,16.6131209476497,0.9999392510701486,16459.19538461466
