TAT,Total_Throughput,CPU_Util (%),Avg_Proc_in_RQ
57.349701486081045,16.740342951936004,99.99241800717313,0.9993229611152108
