TAT,Total_Throughput,CPU_Util (%),Avg_Proc_in_RQ
0.6324003075438056,17.576406206603686,99.74650424036201,0.9695673579676753
