Avg_TAT,Avg_Throughput,CPU_Util,Avg_Proc_in_RQ
68.32426066416525,16.828292981894226,0.9998495793346569,6646.022865378574
