TAT,Total_Throughput,CPU_Util (%),Avg_Proc_in_RQ
78.62117403366737,16.50717857121923,99.97079320281667,2.9947467262690646
