TAT,Total_Throughput,CPU_Util (%),Avg_Proc_in_RQ
0.9322630727206312,14.961341379722981,98.90608558330143,0.9815987829883934
