Avg_TAT,Avg_Throughput,CPU_Util,Avg_Proc_in_RQ
83.12234640033505,16.607258873959648,0.9995436652637021,2189.3742888697166
