TAT,Total_Throughput,CPU_Util (%),Avg_Proc_in_RQ
80.75454274794383,16.591974095398125,99.98218351755987,2.994745670540428
