Avg_TAT,Avg_Throughput,CPU_Util,Avg_Proc_in_RQ
90.512490695736,16.60158096051815,0.999518898560243,2076.5642045962327
