TAT,Total_Throughput,CPU_Util (%),Avg_Proc_in_RQ
0.6419646597008736,15.526911299204915,96.34731127155936,4.37771552677605
