TAT,Total_Throughput,CPU_Util (%),Avg_Proc_in_RQ
89.22557620872647,16.698190798608945,99.97067870141902,3.991585548246022
