TAT,Total_Throughput,CPU_Util (%),Avg_Proc_in_RQ
98.50889180838224,16.80401877399557,99.98258568179322,2.9953233608175487
