Avg_TAT,Avg_Throughput,CPU_Util,Avg_Proc_in_RQ
100.80350370214084,16.50240140022798,0.9998878442483847,8914.172360105149
