TAT,Total_Throughput,CPU_Util (%),Avg_Proc_in_RQ
0.6743144238630245,17.527981742980387,98.11159140048615,2.7104927688194933
