TAT,Total_Throughput,CPU_Util (%),Avg_Proc_in_RQ
102.34640145177435,16.877114740421295,99.98284197935277,2.993383441593437
