Avg_TAT,Avg_Throughput,CPU_Util,Avg_Proc_in_RQ
115.28916975901085,16.427765228096703,0.999715574638861,3513.8611626371116
