TAT,Total_Throughput,CPU_Util (%),Avg_Proc_in_RQ
1.2980240299578265,16.302316277101212,99.92665817648704,0.9472230367079656
