Avg_TAT,Avg_Throughput,CPU_Util,Avg_Proc_in_RQ
108.65431755815752,16.852426349515397,0.9999641517792759,27893.38730474618
