TAT,Total_Throughput,CPU_Util (%),Avg_Proc_in_RQ
0.6979193929079156,18.102710050703482,99.96008742686638,0.9429817150474737
