TAT,Total_Throughput,CPU_Util (%),Avg_Proc_in_RQ
114.84504260846977,16.49548144811485,99.99589089567094,1.9977226498609264
