TAT,Total_Throughput,CPU_Util (%),Avg_Proc_in_RQ
125.32844654396591,16.587648995239455,99.999315108309,0.9991706979734125
