TAT,Total_Throughput,CPU_Util (%),Avg_Proc_in_RQ
1.4692329876036423,13.835125948988376,98.07415309907182,2.626386437099607
