Avg_TAT,Avg_Throughput,CPU_Util,Avg_Proc_in_RQ
117.65118154386259,16.869798437576687,0.9992247505792043,1287.9082207444203
