TAT,Total_Throughput,CPU_Util (%),Avg_Proc_in_RQ
123.5235805976626,16.905977244831682,99.96927185296518,3.9914004604232285
