TAT,Total_Throughput,CPU_Util (%),Avg_Proc_in_RQ
0.8427821882208927,18.321388600973535,99.93457517626103,0.9636736032846593
