Avg_TAT,Avg_Throughput,CPU_Util,Avg_Proc_in_RQ
128.42421621515064,16.570827193519353,0.9999514596703724,20599.425866433572
