TAT,Total_Throughput,CPU_Util (%),Avg_Proc_in_RQ
0.07947973577187499,16.59174821320705,20.680387907357762,20.868999715215956
