TAT,Total_Throughput,CPU_Util (%),Avg_Proc_in_RQ
0.07002528712671624,16.86658844456359,17.520152755557053,2244.7643939546706
