Avg_TAT,Avg_Throughput,CPU_Util,Avg_Proc_in_RQ
0.07248090710078352,2.9400729660675564,0.1768227298080729,0.037982435751036825
