Avg_TAT,Avg_Throughput,CPU_Util,Avg_Proc_in_RQ
125.03425150421857,16.783935791949794,0.9998768168098832,8115.990890036292
