TAT,Total_Throughput,CPU_Util (%),Avg_Proc_in_RQ
0.8318394236955854,18.717605618635805,98.12607876171052,2.644080881949134
