TAT,Total_Throughput,CPU_Util (%),Avg_Proc_in_RQ
129.097123116155,16.825055201258643,99.9984701071013,0.9991170413810517
