Avg_TAT,Avg_Throughput,CPU_Util,Avg_Proc_in_RQ
0.07539344468634544,4.000944938756495,0.23851565499175278,0.07470897865343337
