TAT,Total_Throughput,CPU_Util (%),Avg_Proc_in_RQ
0.0751427896119537,16.843719945620222,23.500925060305192,2172.9867668596107
