TAT,Total_Throughput,CPU_Util (%),Avg_Proc_in_RQ
0.08009606805391915,16.751000148916617,24.463922517839077,21.207920149780183
