TAT,Total_Throughput,CPU_Util (%),Avg_Proc_in_RQ
0.08083986367902829,16.737147308940077,29.978707920468146,18.46490242479571
