Avg_TAT,Avg_Throughput,CPU_Util,Avg_Proc_in_RQ
0.08356191051464217,5.066832587669483,0.3015383684931672,0.13017950245507737
