TAT,Total_Throughput,CPU_Util (%),Avg_Proc_in_RQ
0.08396662190166244,16.50168590150944,30.42899005915926,2052.7270201674423
