Avg_TAT,Avg_Throughput,CPU_Util,Avg_Proc_in_RQ
0.08932704509156081,6.000721975015484,0.359498072171689,0.20177747838068
