TAT,Total_Throughput,CPU_Util (%),Avg_Proc_in_RQ
0.08983305980816116,16.043978318453604,33.24945090855417,21.0224081208651
