TAT,Total_Throughput,CPU_Util (%),Avg_Proc_in_RQ
0.089446906940227,16.423010404959104,36.06016842560491,1945.3727479193915
