TAT,Total_Throughput,CPU_Util (%),Avg_Proc_in_RQ
0.11648971212685433,14.309276893389491,45.88644414364736,16.297667297357698
