Avg_TAT,Avg_Throughput,CPU_Util,Avg_Proc_in_RQ
0.09381689233694629,7.013245960413399,0.4157813562205652,0.2959065720023123
