TAT,Total_Throughput,CPU_Util (%),Avg_Proc_in_RQ
0.09739098820262736,16.355396657556344,42.23162640455268,1838.6179098397995
