TAT,Total_Throughput,CPU_Util (%),Avg_Proc_in_RQ
0.08819866957998945,17.45099985303854,50.24438922539185,19.17461192132439
