TAT,Total_Throughput,CPU_Util (%),Avg_Proc_in_RQ
0.09989374975366488,17.072911123291373,46.93091372533117,1711.7199856446287
