Avg_TAT,Avg_Throughput,CPU_Util,Avg_Proc_in_RQ
0.1015198929963288,7.89908182917391,0.4738847385939488,0.42683944364605036
