TAT,Total_Throughput,CPU_Util (%),Avg_Proc_in_RQ
0.11254801056204851,16.618797047902905,54.2555314875064,1604.840291414192
