Avg_TAT,Avg_Throughput,CPU_Util,Avg_Proc_in_RQ
0.11339081744543157,9.00156949621229,0.5349431601317413,0.615331632694185
