TAT,Total_Throughput,CPU_Util (%),Avg_Proc_in_RQ
0.1210215234203778,15.653244058414248,50.199732082020745,12.201993078994022
