TAT,Total_Throughput,CPU_Util (%),Avg_Proc_in_RQ
0.7958218381354063,16.911485761377186,5.90976786700267,4313.616877990062
