TAT,Total_Throughput,CPU_Util (%),Avg_Proc_in_RQ
0.5923955723194279,16.816495697315776,6.202432040819311,37.32253567467076
