TAT,Total_Throughput,CPU_Util (%),Avg_Proc_in_RQ
0.6158170430344247,16.718003751940675,5.95732665177079,3876.6114206051852
