TAT,Total_Throughput,CPU_Util (%),Avg_Proc_in_RQ
0.8654278751655453,16.60658557028441,5.894877972709596,39.92231874078952
