TAT,Total_Throughput,CPU_Util (%),Avg_Proc_in_RQ
0.22839112505805798,16.526394531860326,61.23913727521805,4278.328035767037
