TAT,Total_Throughput,CPU_Util (%),Avg_Proc_in_RQ
0.2086859246108167,16.25090058888611,62.2134894309138,3726.0590388775395
