TAT,Total_Throughput,CPU_Util (%),Avg_Proc_in_RQ
0.2126094626398968,13.90677179185939,60.737339065509076,38.49606072026801
