TAT,Total_Throughput,CPU_Util (%),Avg_Proc_in_RQ
0.1803252109165794,15.992449974086487,52.50870322254227,37.44212768122283
