TAT,Total_Throughput,CPU_Util (%),Avg_Proc_in_RQ
0.13400945377291174,21.211627461702374,51.66952981519998,36.074793948140666
