TAT,Total_Throughput,CPU_Util (%),Avg_Proc_in_RQ
0.243927956032574,16.797222106758934,65.83161087612774,4247.966843545931
