TAT,Total_Throughput,CPU_Util (%),Avg_Proc_in_RQ
0.1489572530060341,21.627427454606604,49.625275694626396,40.616411151222586
