TAT,Total_Throughput,CPU_Util (%),Avg_Proc_in_RQ
0.2153898606486212,16.668626488626785,65.30403567208258,3708.503352603943
