TAT,Total_Throughput,CPU_Util (%),Avg_Proc_in_RQ
0.20849867931805308,15.578501025441819,67.10224035990188,37.71017324327731
