TAT,Total_Throughput,CPU_Util (%),Avg_Proc_in_RQ
0.2646706830323508,16.42989309060494,72.6595702949459,3689.47952165688
