TAT,Total_Throughput,CPU_Util (%),Avg_Proc_in_RQ
0.28911486798094727,16.467373027088524,74.3358802363076,4242.148775898626
