TAT,Total_Throughput,CPU_Util (%),Avg_Proc_in_RQ
0.19311703485389253,16.43771726036335,71.78374872321737,41.08237771188977
