TAT,Total_Throughput,CPU_Util (%),Avg_Proc_in_RQ
0.2881739776998002,16.68207474318689,78.0498513312207,3654.720110739928
