TAT,Total_Throughput,CPU_Util (%),Avg_Proc_in_RQ
0.36668396006863196,13.021466713145958,90.23586852633275,43.68991832938465
