TAT,Total_Throughput,CPU_Util (%),Avg_Proc_in_RQ
0.29934034619579286,16.70749390021329,77.82141443299,4292.444730869795
