TAT,Total_Throughput,CPU_Util (%),Avg_Proc_in_RQ
0.1851429954569041,16.95125404614741,65.79219366885742,42.21919024005502
