TAT,Total_Throughput,CPU_Util (%),Avg_Proc_in_RQ
0.4461271342525079,16.706517059723552,82.9386299463687,4301.837931457712
