TAT,Total_Throughput,CPU_Util (%),Avg_Proc_in_RQ
0.5619739938558098,14.441664204041615,90.52008301486332,36.72981260462245
