TAT,Total_Throughput,CPU_Util (%),Avg_Proc_in_RQ
0.2500416360912192,17.56773463692361,69.52294786495692,39.039705514435084
