TAT,Total_Throughput,CPU_Util (%),Avg_Proc_in_RQ
0.4288119011813602,16.65316860459898,83.98390620320014,3667.84874656049
