TAT,Total_Throughput,CPU_Util (%),Avg_Proc_in_RQ
0.5537275931096165,16.802302546683343,88.36627629728999,3635.467060189044
