TAT,Total_Throughput,CPU_Util (%),Avg_Proc_in_RQ
0.22241714814668684,17.854690180880553,86.4681531657081,45.156227799574516
