TAT,Total_Throughput,CPU_Util (%),Avg_Proc_in_RQ
0.7616887311620584,16.907742147477613,89.57122849309019,4183.667542120897
