TAT,Total_Throughput,CPU_Util (%),Avg_Proc_in_RQ
0.23366306847300056,16.28849139720696,77.54287554307126,37.26818962754263
