TAT,Total_Throughput,CPU_Util (%),Avg_Proc_in_RQ
0.5131777112289511,16.90542849003655,91.81041274501838,37.147729966349914
