TAT,Total_Throughput,CPU_Util (%),Avg_Proc_in_RQ
0.2580914610991594,16.564282216609442,72.69520874015211,37.78173097762455
