TAT,Total_Throughput,CPU_Util (%),Avg_Proc_in_RQ
1.233423863381944,16.62336283462213,95.31817137107129,4208.822589147887
