TAT,Total_Throughput,CPU_Util (%),Avg_Proc_in_RQ
0.9495058614757392,16.531091394816052,94.32715672111891,3646.509859739762
