TAT,Total_Throughput,CPU_Util (%),Avg_Proc_in_RQ
11.303573716266817,16.26480653471087,99.83665213165301,3563.7844955347036
