TAT,Total_Throughput,CPU_Util (%),Avg_Proc_in_RQ
10.66803869887874,16.424356841573438,99.62102289190032,4218.882143888966
