TAT,Total_Throughput,CPU_Util (%),Avg_Proc_in_RQ
0.18753438954607682,19.425712861851455,73.34205344332717,39.164423559372445
