TAT,Total_Throughput,CPU_Util (%),Avg_Proc_in_RQ
0.616991308525884,18.30814408088642,94.81097074713793,34.58310256939763
