TAT,Total_Throughput,CPU_Util (%),Avg_Proc_in_RQ
22.008007014749417,16.727041145230693,99.99993198216328,3576.137672050983
