TAT,Total_Throughput,CPU_Util (%),Avg_Proc_in_RQ
24.524169509614524,16.649209092129727,99.85370165311723,4222.020103381737
