TAT,Total_Throughput,CPU_Util (%),Avg_Proc_in_RQ
0.4942605599224325,18.80720274589784,88.34402634078592,38.66968879787922
