TAT,Total_Throughput,CPU_Util (%),Avg_Proc_in_RQ
0.42063961595679394,16.44090991874189,96.11974024942047,36.752735872443274
