TAT,Total_Throughput,CPU_Util (%),Avg_Proc_in_RQ
1.0822105825273056,14.863278500790935,98.7237062447061,36.48699141620791
