TAT,Total_Throughput,CPU_Util (%),Avg_Proc_in_RQ
42.135683693931966,16.60070917190601,99.96971476561811,4238.0889947136875
