TAT,Total_Throughput,CPU_Util (%),Avg_Proc_in_RQ
34.556250840647046,16.57023579995563,99.98417605111062,3565.4598179430177
