TAT,Total_Throughput,CPU_Util (%),Avg_Proc_in_RQ
1.7908213855809516,13.746030525470923,98.8004587561096,48.52237986007856
