TAT,Total_Throughput,CPU_Util (%),Avg_Proc_in_RQ
0.34721583092388814,16.434416137844334,12.314643639132232,3890.9930957716124
