TAT,Total_Throughput,CPU_Util (%),Avg_Proc_in_RQ
0.4221401282139932,15.59721337829289,13.042817752034514,46.3288562727262
