TAT,Total_Throughput,CPU_Util (%),Avg_Proc_in_RQ
0.43129062489056696,17.023909493663353,11.735844298609367,4359.344018985952
