TAT,Total_Throughput,CPU_Util (%),Avg_Proc_in_RQ
0.3152796029516697,16.39327632160835,12.616559545106496,36.07541881884122
