TAT,Total_Throughput,CPU_Util (%),Avg_Proc_in_RQ
0.9501601145569541,15.460719745793357,99.99551109842525,35.011683942724375
