TAT,Total_Throughput,CPU_Util (%),Avg_Proc_in_RQ
0.6027484305758931,16.428019448359876,95.48714629088309,45.9315878718988
