TAT,Total_Throughput,CPU_Util (%),Avg_Proc_in_RQ
43.63359653997186,16.752645316975876,99.91305145208247,4208.727310965938
