TAT,Total_Throughput,CPU_Util (%),Avg_Proc_in_RQ
43.68187687222687,16.756766246627098,99.95075516117419,3574.858003154444
