TAT,Total_Throughput,CPU_Util (%),Avg_Proc_in_RQ
0.8488747134445656,16.16750938044952,91.41093495145745,40.4531974132858
