TAT,Total_Throughput,CPU_Util (%),Avg_Proc_in_RQ
63.49591962969864,16.514066720912975,99.98886317018743,3564.4165907484926
