TAT,Total_Throughput,CPU_Util (%),Avg_Proc_in_RQ
0.41855373366675735,20.569797015168994,99.74907602809174,38.809205069605355
