TAT,Total_Throughput,CPU_Util (%),Avg_Proc_in_RQ
59.50834882887798,16.7044694728147,99.7802526223795,4208.96813142731
