TAT,Total_Throughput,CPU_Util (%),Avg_Proc_in_RQ
0.5736909358645125,19.29372135481195,98.55163234376512,35.409536081691044
