TAT,Total_Throughput,CPU_Util (%),Avg_Proc_in_RQ
76.28245991282404,16.47796341237313,99.9948257015921,3603.2742410807
