TAT,Total_Throughput,CPU_Util (%),Avg_Proc_in_RQ
74.64199437876697,16.591829569486094,99.98577340288463,4233.764017116869
