TAT,Total_Throughput,CPU_Util (%),Avg_Proc_in_RQ
1.4651408844224962,16.166872971649664,99.65304703735657,47.28201218917478
