TAT,Total_Throughput,CPU_Util (%),Avg_Proc_in_RQ
88.92441435409386,16.575875515731408,99.99732024213668,3602.1749835729206
