TAT,Total_Throughput,CPU_Util (%),Avg_Proc_in_RQ
1.1305306470176582,16.138466836416892,98.74298413468233,35.84775332799988
