TAT,Total_Throughput,CPU_Util (%),Avg_Proc_in_RQ
81.08019884432841,16.709593302945176,99.97488025542378,4205.518744867517
