TAT,Total_Throughput,CPU_Util (%),Avg_Proc_in_RQ
1.1400458711903423,16.02410923317634,98.35215650160278,43.75591374390419
