TAT,Total_Throughput,CPU_Util (%),Avg_Proc_in_RQ
0.721894548968784,16.247710388343965,98.553813574681,31.96322235685581
