TAT,Total_Throughput,CPU_Util (%),Avg_Proc_in_RQ
88.6158552190416,16.526123495437187,99.98539739537591,4194.416965558692
