TAT,Total_Throughput,CPU_Util (%),Avg_Proc_in_RQ
0.666936021717706,17.55660684666108,97.25390141629492,40.97008473598844
