TAT,Total_Throughput,CPU_Util (%),Avg_Proc_in_RQ
82.14974555991407,17.11541929127626,99.97769775300452,3589.71754616785
