TAT,Total_Throughput,CPU_Util (%),Avg_Proc_in_RQ
96.7176148546082,16.575922635805107,99.97528516534169,3568.962976955388
