TAT,Total_Throughput,CPU_Util (%),Avg_Proc_in_RQ
0.4228853097669245,19.359865348787363,99.57827871745218,34.54191798395556
