TAT,Total_Throughput,CPU_Util (%),Avg_Proc_in_RQ
102.69057720707815,16.52635187496847,99.99363011151743,4252.175305171991
