TAT,Total_Throughput,CPU_Util (%),Avg_Proc_in_RQ
0.9292862802505999,18.34432893858812,99.21586457290488,42.05201638032983
