TAT,Total_Throughput,CPU_Util (%),Avg_Proc_in_RQ
105.28410622946208,16.854513978089628,99.94787098808354,3549.048273315612
