TAT,Total_Throughput,CPU_Util (%),Avg_Proc_in_RQ
0.5708815584430306,21.8877904175882,92.0628954244111,39.83616420143709
