TAT,Total_Throughput,CPU_Util (%),Avg_Proc_in_RQ
0.38526012831675943,19.17110903087131,94.85992016382248,33.9495727664473
