TAT,Total_Throughput,CPU_Util (%),Avg_Proc_in_RQ
109.51895740292257,16.556537618669005,99.99921032520133,4249.546717986192
