TAT,Total_Throughput,CPU_Util (%),Avg_Proc_in_RQ
113.76314051931179,16.550848861625813,99.94203036602026,4267.237556795699
