TAT,Total_Throughput,CPU_Util (%),Avg_Proc_in_RQ
0.7805031887937056,18.546596715893845,95.92296436865794,35.25847596570839
