TAT,Total_Throughput,CPU_Util (%),Avg_Proc_in_RQ
1.5713659873084271,17.548714015108327,99.12418251604197,45.127593872669
