TAT,Total_Throughput,CPU_Util (%),Avg_Proc_in_RQ
117.58226456102007,16.48209948376278,99.98912878590787,3592.9411512881816
