TAT,Total_Throughput,CPU_Util (%),Avg_Proc_in_RQ
0.9827064383460957,15.206345374170521,99.89852861248671,36.73354572555858
