TAT,Total_Throughput,CPU_Util (%),Avg_Proc_in_RQ
119.74604498721965,16.650113699382334,99.98134097132089,3573.3194646826005
