TAT,Total_Throughput,CPU_Util (%),Avg_Proc_in_RQ
1.7215463335596939,15.655395511327018,99.48060625073774,39.31127044291875
