TAT,Total_Throughput,CPU_Util (%),Avg_Proc_in_RQ
119.24768944123494,16.90610634425677,99.99819806668206,4200.615165141208
