TAT,Total_Throughput,CPU_Util (%),Avg_Proc_in_RQ
127.20523635669664,16.631901291362375,99.98887141125044,4197.8247436268775
