TAT,Total_Throughput,CPU_Util (%),Avg_Proc_in_RQ
0.9379264977218237,17.442236017214196,99.89162002643735,41.60194967099558
