TAT,Total_Throughput,CPU_Util (%),Avg_Proc_in_RQ
1.4140081312249453,16.82334693970279,98.45670918288833,34.21955511268419
