TAT,Total_Throughput,CPU_Util (%),Avg_Proc_in_RQ
128.56035906670192,16.837022089230956,99.99494059370123,3630.801864891326
