TAT,Total_Throughput,CPU_Util (%),Avg_Proc_in_RQ
0.24476604629678092,17.6858619936971,16.078676946282442,36.756610374853075
