TAT,Total_Throughput,CPU_Util (%),Avg_Proc_in_RQ
0.3266683095129905,12.856112269410282,25.441272114695014,41.17987877406304
