TAT,Total_Throughput,CPU_Util (%),Avg_Proc_in_RQ
0.25396841019850946,16.90167454207002,17.879903763104956,3832.7122029871716
