TAT,Total_Throughput,CPU_Util (%),Avg_Proc_in_RQ
0.3170188113387407,16.66648277145397,17.95858843146634,4325.614968588319
