TAT,Total_Throughput,CPU_Util (%),Avg_Proc_in_RQ
143.93259459245883,16.396288971599102,99.99748682643299,4292.607006087178
