TAT,Total_Throughput,CPU_Util (%),Avg_Proc_in_RQ
136.65358764170452,16.42548471466376,99.9979500615867,3576.8506733999834
