TAT,Total_Throughput,CPU_Util (%),Avg_Proc_in_RQ
1.0813706144725013,18.602068317038626,99.44511900820831,36.610176755069844
