TAT,Total_Throughput,CPU_Util (%),Avg_Proc_in_RQ
0.8986602553312842,19.722078462338033,98.14405145448083,39.12587893912502
