TAT,Total_Throughput,CPU_Util (%),Avg_Proc_in_RQ
0.21464244872338123,17.237276839579376,23.623365726578417,36.85154190908475
