TAT,Total_Throughput,CPU_Util (%),Avg_Proc_in_RQ
0.26029689644927584,16.678927484834364,23.984841665681653,4352.167039434396
