TAT,Total_Throughput,CPU_Util (%),Avg_Proc_in_RQ
0.2419013580413295,15.64334060668241,26.13238431686369,37.729133410492835
