TAT,Total_Throughput,CPU_Util (%),Avg_Proc_in_RQ
0.2133353974615386,16.99946197016391,23.394723829460492,3838.7208985584634
