TAT,Total_Throughput,CPU_Util (%),Avg_Proc_in_RQ
0.23267535027582134,16.700188606166755,29.576012805163423,4272.034997834476
