TAT,Total_Throughput,CPU_Util (%),Avg_Proc_in_RQ
0.17947599503559122,18.481513950537696,35.45406799974261,43.04301857877453
