TAT,Total_Throughput,CPU_Util (%),Avg_Proc_in_RQ
0.19492459068377305,16.38246045232573,30.52276270949078,39.425131263641475
