TAT,Total_Throughput,CPU_Util (%),Avg_Proc_in_RQ
0.1916120866202733,16.73036044401215,29.83958014245071,3822.8698683629896
