TAT,Total_Throughput,CPU_Util (%),Avg_Proc_in_RQ
0.1295404369813155,19.610574167354795,31.413195256154193,39.86568470977248
