TAT,Total_Throughput,CPU_Util (%),Avg_Proc_in_RQ
0.1801162320213686,16.910584098302014,35.51660040783931,3791.098522391067
