TAT,Total_Throughput,CPU_Util (%),Avg_Proc_in_RQ
0.21467895333998513,16.646510416733786,35.875769134597064,4268.073088090534
