TAT,Total_Throughput,CPU_Util (%),Avg_Proc_in_RQ
0.2381545528048213,15.150907279329928,36.97652399039424,47.84983176829396
