TAT,Total_Throughput,CPU_Util (%),Avg_Proc_in_RQ
0.18365172652835202,16.91428278984145,37.47659049704542,36.994123859936295
