TAT,Total_Throughput,CPU_Util (%),Avg_Proc_in_RQ
0.17669908532324044,16.611368349741436,43.16137646021602,3753.515890020764
