TAT,Total_Throughput,CPU_Util (%),Avg_Proc_in_RQ
0.18578584730516656,17.469803890188132,37.203290823393345,46.17566194891191
