TAT,Total_Throughput,CPU_Util (%),Avg_Proc_in_RQ
0.2061112787111593,16.79308248590561,42.22354983887585,4320.683783342854
