TAT,Total_Throughput,CPU_Util (%),Avg_Proc_in_RQ
0.20558472062029579,16.55272136880473,48.61951854725454,4299.46816439371
