TAT,Total_Throughput,CPU_Util (%),Avg_Proc_in_RQ
0.1826034143701028,16.699711695068295,48.345729238515474,3753.4333540487273
