TAT,Total_Throughput,CPU_Util (%),Avg_Proc_in_RQ
0.17432271802145471,18.715760791049938,45.66889857288012,40.313216056229926
