TAT,Total_Throughput,CPU_Util (%),Avg_Proc_in_RQ
0.14236547858390927,17.350933656636247,50.73300924449895,40.56806348310908
