TAT,Total_Throughput,CPU_Util (%),Avg_Proc_in_RQ
0.20136737028940271,18.031452196855664,49.97339001698541,44.3792042969822
