TAT,Total_Throughput,CPU_Util (%),Avg_Proc_in_RQ
0.22675094063920373,16.422494483882282,55.866562560487296,4290.256229753636
