TAT,Total_Throughput,CPU_Util (%),Avg_Proc_in_RQ
0.1887113187788531,16.850113852445872,53.54008500733516,3761.414856956134
