TAT,Total_Throughput,CPU_Util (%),Avg_Proc_in_RQ
0.15225344108047115,18.691196629975355,45.305502437740785,36.76257080918512
